,name,orgs_name,gists,following,public repos,followers,Deep Learning Community,contributions,year
0,tensorflower-gardener,0,0,0,0,172,Tensorflow,9128,2
1,ilblackdragon,2,11,9,32,361,Tensorflow,409,8
2,kosklain,0,0,0,12,14,Tensorflow,351,7
3,chadkennedyonline,0,0,0,3,1,Tensorflow,11,3
4,ringw,2,2,6,18,79,Tensorflow,11,6
5,daj,0,6,7,27,12,Tensorflow,1086,7
6,Lewuathe,3,93,194,86,147,Tensorflow,233,6
7,znah,0,0,0,16,67,Tensorflow,11,6
8,alanhdu,1,15,7,70,17,Tensorflow,11,6
9,alsrgv,0,6,3,7,34,Tensorflow,11,2
10,AndreiCostinescu,0,0,4,16,2,Tensorflow,10,4
11,andrewcmyers,2,0,12,13,37,Tensorflow,10,5
12,sanjoy,4,5,25,29,147,Tensorflow,10,9
13,RNabel,0,2,12,36,26,Tensorflow,32,3
14,ArtsiomCh,0,0,0,11,1,Tensorflow,10,3
15,goat000,0,0,0,2,5,Tensorflow,10,7
16,jjsjann123,0,0,0,21,0,Tensorflow,10,5
17,yongtang,4,0,0,12,130,Tensorflow,215,4
18,danijar,2,21,35,55,419,Tensorflow,10,6
19,dgboy2000,0,2,1,18,12,Tensorflow,10,8
20,flx42,1,1,4,25,134,Tensorflow,10,5
21,purpledog,1,0,0,0,41,Tensorflow,10,7
22,gautam1858,2,1,7,29,15,Tensorflow,10,5
23,PuchatekwSzortach,0,1,0,26,8,Tensorflow,10,3
24,tatianashp,1,0,0,2,23,Tensorflow,32,7
25,taion,8,11,1,67,584,Tensorflow,9,6
26,johntbates,0,3,0,5,8,Tensorflow,9,7
27,vrv,0,1,3,6,468,Tensorflow,9,8
28,suharshs,2,4,9,15,102,Tensorflow,9,6
29,samjabrahams,0,0,6,27,275,Tensorflow,206,3
30,JoshVarty,0,190,17,29,60,Tensorflow,9,7
31,kemaswill,0,1,5,62,33,Tensorflow,9,6
32,k-w-w,2,0,0,2,27,Tensorflow,9,1
33,Kongsea,0,3,9,57,12,Tensorflow,9,5
34,markmcd,2,13,16,29,159,Tensorflow,9,9
35,blakehechtman,0,0,0,0,1,Tensorflow,31,5
36,nikhilmishra000,0,0,0,8,2,Tensorflow,9,4
37,ScorpioCPH,2,0,75,49,24,Tensorflow,9,5
38,rachellim,2,0,0,0,15,Tensorflow,9,4
39,scottcjt,0,0,0,3,1,Tensorflow,9,1
40,sjperkins,4,4,7,20,6,Tensorflow,9,5
41,tfboyd,1,0,0,7,52,Tensorflow,187,2
42,MarkDaoust,1,1,0,11,41,Tensorflow,8,6
43,liuyipei,0,0,1,3,2,Tensorflow,8,5
44,yilei,4,0,41,15,97,Tensorflow,8,7
45,ybbaigo,0,2,8,49,11,Tensorflow,8,8
46,wchargin,2,107,5,48,69,Tensorflow,31,5
47,yanivbl6,0,0,0,2,0,Tensorflow,8,2
48,jinze1994,0,0,3,9,7,Tensorflow,8,3
49,lspvic,0,0,8,10,14,Tensorflow,8,5
50,mdfaijul,0,0,0,0,1,Tensorflow,8,1
51,jalammar,0,4,9,11,143,Tensorflow,8,7
52,ajschumacher,1,20,416,240,280,Tensorflow,8,7
53,bixia1,0,0,0,0,0,Tensorflow,184,0
54,annarev,2,0,1,4,118,Tensorflow,7,2
55,alinas,1,0,0,3,4,Tensorflow,7,7
56,anand-c-goog,0,0,0,2,0,Tensorflow,7,2
57,sidneyyan,0,0,1,5,1,Tensorflow,29,5
58,dubey,2,1,3,6,24,Tensorflow,7,6
59,bpiel,0,1,0,31,22,Tensorflow,7,7
60,borispf,0,1,0,13,3,Tensorflow,7,7
61,betterenvi,0,0,15,30,27,Tensorflow,7,4
62,cshallue,0,0,0,2,63,Tensorflow,7,2
63,comicchang,0,3,30,25,15,Tensorflow,7,7
64,craigcitro,10,1,23,73,495,Tensorflow,179,8
65,ibab,8,18,67,88,444,Tensorflow,7,7
66,blodan,0,0,5,4,4,Tensorflow,7,6
67,decentralion,2,14,35,70,1009,Tensorflow,7,6
68,agramesh1,0,0,0,0,0,Tensorflow,29,1
69,dantkz,0,0,11,8,9,Tensorflow,7,5
70,dhananjay92,2,8,0,38,69,Tensorflow,7,5
71,hfp,1,0,8,11,47,Tensorflow,7,4
72,ilya-edrenkin,0,0,3,9,17,Tensorflow,7,3
73,selcouthlyBlue,0,0,7,23,5,Tensorflow,6,3
74,jthestness,0,0,0,1,2,Tensorflow,6,1
75,jonathanasdf,1,1,0,18,20,Tensorflow,6,8
76,progwolff,0,0,0,9,0,Tensorflow,178,4
77,rjpower,1,32,1,59,80,Tensorflow,6,7
78,laszlocsomor,0,5,0,10,13,Tensorflow,6,3
79,skye,1,0,0,9,58,Tensorflow,28,9
80,allenlavoie,2,0,0,8,109,Tensorflow,6,5
81,Nayana-ibm,0,0,1,5,5,Tensorflow,6,2
82,rxwei,3,5,14,50,94,Tensorflow,6,7
83,bryant1410,3,6,106,3932,153,Tensorflow,6,5
84,shreyneil,0,0,1,25,3,Tensorflow,6,2
85,smit-hinsu,1,0,3,1,5,Tensorflow,6,6
86,qbx2,0,7,16,41,23,Tensorflow,6,5
87,ssjhv,1,0,0,0,9,Tensorflow,6,2
88,suryabhupa,3,5,53,43,75,Tensorflow,177,5
89,shivaniag,0,0,2,3,1,Tensorflow,6,2
90,theflofly,0,17,9,6,46,Tensorflow,26,5
91,tadeegan,3,12,94,63,40,Tensorflow,6,5
92,pwnall,6,28,58,239,514,Tensorflow,6,10
93,aselle,1,0,0,14,324,Tensorflow,6,8
94,victorhcm,0,9,26,25,7,Tensorflow,6,5
95,yanchen036,0,0,5,19,3,Tensorflow,6,5
96,yk5,0,0,0,4,5,Tensorflow,6,2
97,ngc92,0,1,7,23,3,Tensorflow,6,4
98,ninotoshi,0,20,0,11,0,Tensorflow,173,5
99,nolanliou,0,3,17,2,2,Tensorflow,6,1
100,xmbrst,0,0,0,1,1,Tensorflow,6,3
101,jbedorf,0,0,0,5,11,Tensorflow,26,6
102,Mistobaan,0,65,71,346,52,Tensorflow,6,9
103,abhitopia,0,3,9,61,9,Tensorflow,6,3
104,jvdillon,3,0,2,1,25,Tensorflow,6,7
105,4F2E4A2E,0,6,8,15,4,Tensorflow,6,9
106,4d55397500,0,12,1,33,10,Tensorflow,5,5
107,inflation,0,3,5,31,9,Tensorflow,5,6
108,abhinav-upadhyay,0,9,57,40,38,Tensorflow,5,8
109,nsuke,1,6,5,17,14,Tensorflow,171,6
110,elqursh,0,0,0,1,0,Tensorflow,5,7
111,yardstick17,0,5,14,35,27,Tensorflow,5,3
112,alextp,3,24,4,14,252,Tensorflow,36,10
113,hunkim,0,1,13,36,1894,Tensorflow,338,7
114,taknevski,0,0,0,6,1,Tensorflow,5,4
115,adarob,2,0,0,11,600,Tensorflow,5,7
116,andreas-eberle,2,18,0,17,14,Tensorflow,5,4
117,a-dai,0,0,0,1,11,Tensorflow,5,3
118,concretevitamin,2,11,32,45,216,Tensorflow,5,7
119,andykernahan,0,0,1,11,3,Tensorflow,5,9
120,adaitche,0,0,0,7,1,Tensorflow,5,1
121,powderluv,0,0,0,45,4,Tensorflow,5,9
122,bstriner,0,5,1,54,144,Tensorflow,1030,3
123,bowang,0,1,1,17,10,Tensorflow,171,8
124,qmick,0,1,25,9,19,Tensorflow,26,4
125,cssndrx,0,0,3,3,6,Tensorflow,5,6
126,chihuahua,1,8,7,23,92,Tensorflow,5,5
127,mhong,1,0,0,1,11,Tensorflow,5,7
128,ChrisAntaki,3,11,24,116,140,Tensorflow,5,7
129,cjauvin,1,69,10,67,18,Tensorflow,5,8
130,boeddeker,0,1,3,27,3,Tensorflow,5,3
131,rohan100jain,2,0,0,6,74,Tensorflow,5,9
132,chrisyeh96,0,1,1,15,6,Tensorflow,5,4
133,xodus7,0,0,0,2,0,Tensorflow,5,2
134,dgrazian,0,0,0,0,0,Tensorflow,5,6
135,lakshayg,0,2,0,34,43,Tensorflow,26,4
136,drasmuss,1,0,1,11,21,Tensorflow,165,6
137,darcyliu,2,44,39,8,141,Tensorflow,5,8
138,smistad,0,0,21,41,126,Tensorflow,5,8
139,theweiho,0,0,0,2,13,Tensorflow,5,4
140,siddharth-agrawal,1,2,3,17,105,Tensorflow,5,6
141,fangweili,0,1,0,1,3,Tensorflow,5,6
142,fritzo,4,3,23,38,88,Tensorflow,5,7
143,josh11b,1,0,0,1,87,Tensorflow,5,3
144,gustavla,3,4,5,28,144,Tensorflow,5,7
145,lihanchen,0,0,0,21,0,Tensorflow,4,5
146,qlzh727,1,0,0,2,7,Tensorflow,24,5
147,hprovenza,0,0,13,19,3,Tensorflow,164,5
148,igormq,0,7,26,26,44,Tensorflow,4,7
149,javiribera,0,1,2,19,3,Tensorflow,4,5
150,benoitsteiner,1,0,0,5,360,Tensorflow,4,4
151,keveman,0,6,2,7,132,Tensorflow,4,8
152,asimshankar,1,7,0,12,142,Tensorflow,4,10
153,langmore,1,1,5,7,24,Tensorflow,4,8
154,yuanbyu,0,0,0,2,23,Tensorflow,4,6
155,meheffernan,0,0,0,0,2,Tensorflow,4,4
156,saeta,5,3,15,29,118,Tensorflow,4,7
157,dongjoon-hyun,2,0,200,135,155,Tensorflow,24,4
158,lukeiwanski,0,0,7,12,52,Tensorflow,4,4
159,itsmeolivia,0,0,0,41,14,Tensorflow,162,6
160,sukritiramesh,0,0,0,1,6,Tensorflow,4,8
161,meteorcloudy,3,4,7,23,89,Tensorflow,4,5
162,gunan,1,0,0,8,199,Tensorflow,4,4
163,fchollet,2,8,0,7,5477,Tensorflow,4,7
164,ppwwyyxx,4,10,42,39,1323,Tensorflow,4,6
165,rmlarsen,1,0,0,1,72,Tensorflow,4,2
166,charlesnicholson,0,6,0,11,11,Tensorflow,4,6
167,yuefengz,2,0,19,5,116,Tensorflow,4,6
168,Artem-B,2,3,2,11,77,Tensorflow,24,8
169,frankchn,2,3,2,21,132,Tensorflow,4,7
170,davidsoergel,2,0,0,30,103,Tensorflow,143,6
171,jpienaar,2,1,0,2,9,Tensorflow,4,7
172,zheng-xq,0,0,0,3,39,Tensorflow,4,3
173,vincentvanhoucke,1,0,0,3,320,Tensorflow,4,3
174,martinwicke,2,1,2,11,357,Tensorflow,4,7
175,facaiy,0,0,28,21,47,Tensorflow,4,7
176,mahmoud-abuzaina,0,0,0,2,2,Tensorflow,4,1
177,nsthorat,1,9,2,10,190,Tensorflow,4,7
178,case540,2,0,0,5,52,Tensorflow,4,6
179,dansbecker,0,10,0,17,110,Tensorflow,24,6
180,isaprykin,1,1,3,2,29,Tensorflow,4,8
181,samikama,0,0,0,13,2,Tensorflow,4,3
182,dave-andersen,2,1,0,23,238,Tensorflow,143,7
183,rryan,4,7,37,51,98,Tensorflow,4,10
184,sb2nov,3,5,10,12,626,Tensorflow,4,6
185,jendap,0,0,0,20,17,Tensorflow,4,7
186,mrry,0,3,7,18,334,Tensorflow,4,8
187,akshayka,2,2,3,13,127,Tensorflow,4,6
188,jeffreyadean,0,0,0,0,237,Tensorflow,4,4
189,eliben,3,17,0,36,1846,Tensorflow,4,7
190,ilya-biryukov,0,3,7,11,6,Tensorflow,24,7
191,iganichev,1,2,0,3,31,Tensorflow,4,4
192,learyg,0,1,0,0,7,Tensorflow,130,4
193,DavidNorman,1,0,16,9,15,Tensorflow,3,7
194,kayzhu,3,6,14,13,64,Tensorflow,3,6
195,sguada,1,1,0,12,282,Tensorflow,3,6
196,aaroey,2,0,22,2,186,Tensorflow,3,1
197,miaout17,2,33,49,41,51,Tensorflow,3,10
198,majnemer,3,0,0,5,71,Tensorflow,3,8
199,yifeif,2,0,6,5,275,Tensorflow,3,7
200,ukoxyz,3,0,1,1,9,Tensorflow,3,6
201,pvaneck,0,0,3,23,7,Tensorflow,23,6
202,nealwu,2,0,14,25,340,Tensorflow,3,7
203,sherrym,0,0,0,3,168,Tensorflow,3,3
204,akshaym,1,1,0,2,37,Tensorflow,127,9
205,Androbin,3,0,11,53,10,Tensorflow,3,3
206,taehoonlee,2,0,73,23,142,Tensorflow,3,5
207,RenatoUtsch,1,12,17,37,29,Tensorflow,3,7
208,rinugun,0,0,0,0,3,Tensorflow,3,6
209,jsimsa,2,0,0,8,39,Tensorflow,3,7
210,ManHyuk,12,1,3,40,15,Tensorflow,3,3
211,imsheridan,0,0,22,20,4,Tensorflow,3,6
212,ispirmustafa,0,0,0,2,8,Tensorflow,23,2
213,zasdfgbnm,0,5,11,66,14,Tensorflow,3,7
214,ebrevdo,0,0,0,22,199,Tensorflow,3,6
215,alanyee,0,1,9,49,14,Tensorflow,3,6
216,angersson,1,0,0,2,56,Tensorflow,126,1
217,lukaszkaiser,1,0,1,3,236,Tensorflow,3,7
218,yzhwang,3,7,32,32,125,Tensorflow,3,7
219,protoget,2,7,8,33,46,Tensorflow,3,5
220,guschmue,0,5,0,5,8,Tensorflow,3,2
221,wujingyue,0,3,0,13,24,Tensorflow,3,6
222,rongjiecomputer,0,4,4,18,7,Tensorflow,3,3
223,philstahlfeld,0,0,0,5,3,Tensorflow,36,6
224,tillahoffmann,0,28,2,46,7,Tensorflow,23,7
225,fayeshine,0,0,0,6,54,Tensorflow,3,3
226,ioeric,0,2,6,14,6,Tensorflow,3,6
227,kirilg,2,0,0,2,102,Tensorflow,123,8
228,hyouklee,1,0,0,2,5,Tensorflow,3,8
229,brettkoonce,0,1,12,40,8,Tensorflow,3,3
230,snnn,1,0,75,18,111,Tensorflow,3,7
231,freedomtan,0,4,5,39,21,Tensorflow,3,5
232,av8ramit,1,0,3,12,114,Tensorflow,3,5
233,lamberta,2,51,10,18,98,Tensorflow,1018,10
234,tjingrant,1,3,8,29,15,Tensorflow,122,4
235,zuoxingdong,0,0,0,12,48,Tensorflow,332,2
236,nhasabni,0,0,0,0,0,Tensorflow,117,2
237,petrosmol,1,0,0,0,52,Tensorflow,115,2
238,resec,0,1,1,21,2,Tensorflow,105,5
239,joel-shor,1,0,2,7,57,Tensorflow,104,5
240,alheinecke,0,0,0,10,7,Tensorflow,102,4
241,anj-s,1,0,0,3,37,Tensorflow,97,1
242,ysuematsu,0,0,0,1,1,Tensorflow,94,3
243,jmchen-g,0,0,1,2,12,Tensorflow,93,3
244,hawkinsp,2,0,0,3,59,Tensorflow,658,8
245,gargn,1,0,0,5,22,Tensorflow,92,6
246,zhongzyd,0,0,0,6,1,Tensorflow,23,4
247,tayo,2,0,0,9,17,Tensorflow,92,3
248,suiyuan2009,0,0,32,4,28,Tensorflow,90,5
249,vivek-rane,0,0,0,1,0,Tensorflow,86,1
250,Carmezim,0,0,55,41,92,Tensorflow,86,2
251,horance-liu,2,0,14,63,151,Tensorflow,84,3
252,tatatodd,1,0,0,1,51,Tensorflow,83,5
253,jbobba,0,0,0,0,1,Tensorflow,81,2
254,saxenasaurabh,2,0,1,8,42,Tensorflow,78,5
255,nickdesaulniers,15,34,87,185,382,Tensorflow,611,6
256,jhseu,2,0,1,13,207,Tensorflow,77,9
257,fredbertsch,1,0,0,2,81,Tensorflow,23,3
258,guptapriya,1,0,0,0,12,Tensorflow,77,3
259,carlthome,1,11,132,33,115,Tensorflow,71,6
260,mkuperst,0,0,0,0,1,Tensorflow,70,2
261,shoyer,7,48,18,65,357,Tensorflow,68,7
262,phvu,0,8,3,69,53,Tensorflow,67,7
263,panmari,0,29,19,62,26,Tensorflow,67,7
264,DjangoPeng,1,2,11,21,932,Tensorflow,67,2
265,kbsriram,0,9,0,27,17,Tensorflow,66,6
266,yunxing,0,7,60,90,101,Tensorflow,556,7
267,karllessard,0,0,0,2,4,Tensorflow,64,4
268,thuyen,0,1,1,51,15,Tensorflow,22,5
269,terrytangyuan,6,1,61,28,1063,Tensorflow,64,5
270,alrojo,0,4,49,24,187,Tensorflow,64,3
271,ekelsen,0,0,0,11,21,Tensorflow,63,6
272,chrisolston,0,0,0,1,22,Tensorflow,63,2
273,izeye,0,2,21,164,24,Tensorflow,60,7
274,llhe,1,5,0,15,58,Tensorflow,60,8
275,davidzchen,5,13,79,89,171,Tensorflow,60,5
276,jameswex,0,4,0,4,21,Tensorflow,55,3
277,zjj2wry,5,0,41,96,45,Tensorflow,51,2
278,yaroslavvb,0,34,145,23,444,Tensorflow,504,10
279,vinuraja,0,0,0,2,2,Tensorflow,22,2
280,dtrebbien,1,10,0,95,33,Tensorflow,47,8
281,andrewharp,2,2,0,4,242,Tensorflow,46,5
282,cclauss,2,34,34,1119,131,Tensorflow,46,5
283,kashif,1,28,53,126,172,Tensorflow,46,10
284,chris-chris,0,3,6,78,103,Tensorflow,45,6
285,nfelt,1,0,1,4,32,Tensorflow,44,7
286,jinghuangintel,0,0,0,3,2,Tensorflow,43,2
287,raghuraman-k,0,0,1,1,2,Tensorflow,43,1
288,brianwa84,0,0,4,1,0,Tensorflow,43,2
289,nluehr,0,0,0,5,10,Tensorflow,43,6
290,chemelnucfin,0,11,0,21,2,Tensorflow,22,5
291,yacoder,0,1,7,9,3,Tensorflow,479,5
292,reedwm,1,0,0,4,34,Tensorflow,42,4
293,xiejw,0,2,0,8,10,Tensorflow,41,7
294,amchercashin,0,7,2,42,4,Tensorflow,41,4
295,byronyi,1,62,145,6,63,Tensorflow,40,6
296,eaplatanios,0,0,1,7,30,Tensorflow,39,7
297,cancan101,0,24,8,127,68,Tensorflow,39,9
298,claynerobison,0,0,0,0,3,Tensorflow,38,2
299,dustinvtran,9,10,29,12,830,Tensorflow,38,6
300,fdxmw,0,0,0,0,0,Tensorflow,38,1
301,hovhannesgithub,0,0,0,1,0,Tensorflow,20,4
302,mingxingtan,2,0,0,3,34,Tensorflow,37,5
303,yjmade,0,2,28,48,23,Tensorflow,20,6
304,PW486,4,4,347,32,70,Tensorflow,20,3
305,oahziur,1,1,5,22,64,Tensorflow,35,5
306,sandipmgiri,0,0,3,3,1,Tensorflow,20,3
307,jart,5,38,77,179,790,Tensorflow,321,9
308,anight,1,0,22,24,28,Tensorflow,20,7
309,chrisying,1,0,1,23,51,Tensorflow,19,5
310,frreiss,1,0,42,11,65,Tensorflow,18,3
311,jihunchoi,0,3,4,31,33,Tensorflow,18,6
312,rajendraarora16,10,0,0,124,16,Tensorflow,18,4
313,kentonl,2,0,1,8,24,Tensorflow,18,6
314,sandersk,0,2,8,31,34,Tensorflow,17,7
315,vamsi-sripathi,0,0,0,1,1,Tensorflow,17,2
316,caisq,0,0,32,14,170,Tensorflow,35,2
317,namrata-ibm,0,0,4,3,2,Tensorflow,17,2
318,tedhtchang,1,0,1,15,4,Tensorflow,314,4
319,tyfkda,0,25,15,32,10,Tensorflow,17,4
320,dsmilkov,3,5,0,7,405,Tensorflow,17,6
321,ahundt,0,32,62,114,128,Tensorflow,17,9
322,benlee,0,63,2,3,1,Tensorflow,17,7
323,darrengarvey,1,1,35,54,37,Tensorflow,17,8
324,d0k,2,24,16,13,67,Tensorflow,17,10
325,dimvar,0,1,0,8,32,Tensorflow,17,8
326,dm-jrae,0,0,0,5,13,Tensorflow,16,4
327,jlebar,1,3,4,30,75,Tensorflow,34,9
328,lilao,0,0,0,2,1,Tensorflow,16,2
329,ucdmkt,0,0,0,3,0,Tensorflow,306,6
330,nfiedel,0,0,0,5,10,Tensorflow,16,8
331,iRapha,1,18,23,34,32,Tensorflow,15,4
332,petewarden,2,48,1,78,1312,Tensorflow,15,9
333,froystig,0,1,26,2,36,Tensorflow,15,9
334,fwiffo,0,4,5,5,12,Tensorflow,15,9
335,raix852,1,0,16,10,2,Tensorflow,15,5
336,gaohuazuo,0,2,0,13,8,Tensorflow,15,3
337,rasbt,3,4,29,51,6962,Tensorflow,15,5
338,larrytin,1,1,8,50,64,Tensorflow,34,5
339,benbarsdell,1,0,0,6,38,Tensorflow,15,5
340,codrut3,0,0,2,9,3,Tensorflow,293,3
341,haosdent,6,30,164,90,322,Tensorflow,15,7
342,a-doumoulakis,0,0,6,10,9,Tensorflow,15,4
343,AnishShah,0,11,10,28,24,Tensorflow,14,5
344,ctava,0,11,300,34,38,Tensorflow,14,8
345,girving,1,11,0,39,220,Tensorflow,14,9
346,strategist333,0,0,0,5,5,Tensorflow,14,8
347,guillaumekln,2,0,3,26,36,Tensorflow,14,5
348,alisidd,0,0,7,22,17,Tensorflow,14,3
349,damienmg,2,4,0,21,122,Tensorflow,34,5
350,henrytansetiawan,0,0,0,0,3,Tensorflow,13,1
351,jtkeeling,0,0,0,0,0,Tensorflow,259,1
352,jwlawson,0,0,0,23,1,Tensorflow,13,6
353,jonasrauber,1,1,25,38,35,Tensorflow,13,5
354,malcolmreynolds,0,2,6,45,30,Tensorflow,13,10
355,mkolod,1,54,2,364,81,Tensorflow,13,8
356,ncteisen,0,0,8,21,21,Tensorflow,13,5
357,sergejsrk,0,0,0,1,0,Tensorflow,13,2
358,drpngx,1,0,0,1,137,Tensorflow,12,2
359,shashishekhar,0,0,0,0,0,Tensorflow,12,7
360,fo40225,0,7,0,74,11,Tensorflow,33,4
361,broune,1,0,2,5,9,Tensorflow,12,6
362,timharley,0,0,0,15,11,Tensorflow,243,5
363,ZhengshengWei,0,0,11,6,2,Tensorflow,12,1
364,dariavel,0,0,1,0,1,Tensorflow,12,1
365,eerwitt,0,4,52,68,48,Tensorflow,12,6
366,makseq,0,0,0,11,1,Tensorflow,11,8
367,ankurtaly,1,1,0,2,22,Tensorflow,11,6
368,raingo,0,1,4,55,25,Tensorflow,11,7
369,zhangyaobit,1,1,0,1,45,Tensorflow,11,7
370,TTrapper,0,0,0,5,1,Tensorflow,11,4
371,nouiz,2,4,6,48,305,Theano,9089,8
372,lamblin,2,2,0,14,161,Theano,2483,8
373,swook,0,8,24,44,26,Theano,10,7
374,ChienliMa,0,1,9,23,14,Theano,164,4
375,Krastanov,1,4,0,11,31,Theano,3,7
376,YangZhang4065,0,0,3,7,6,Theano,3,4
377,Erotemic,0,33,0,72,40,Theano,3,5
378,ziyuang,0,6,14,16,15,Theano,3,7
379,ddtm,0,2,1,16,61,Theano,3,5
380,acganesh,0,0,6,13,7,Theano,2,6
381,AnishShah,0,11,10,28,24,Theano,2,5
382,benmccann,0,7,0,217,61,Theano,2,8
383,poolio,2,3,4,24,111,Theano,2,7
384,harlouci,0,0,0,4,0,Theano,372,3
385,clorenz7,0,0,1,7,6,Theano,2,6
386,Amrithasuresh,0,1,92,6,10,Theano,161,2
387,sibleyd,0,0,0,1,0,Theano,2,3
388,thiboeri,0,0,0,3,0,Theano,2,6
389,ghisvail,1,0,4,149,31,Theano,2,6
390,mesnilgr,0,0,0,32,154,Theano,2,8
391,flashus,0,16,12,114,10,Theano,2,8
392,joschu,1,5,5,24,668,Theano,2,9
393,JohnZed,0,0,0,6,1,Theano,2,7
394,hojonathanho,1,2,7,17,65,Theano,2,7
395,craffel,1,13,23,57,373,Theano,9,8
396,viirya,0,6,4,143,125,Theano,2,9
397,ballasn,0,0,6,8,7,Theano,147,4
398,mangwang,0,0,5,39,9,Theano,2,4
399,mdda,0,1,11,55,311,Theano,2,8
400,martinarjovsky,1,3,1,7,199,Theano,2,5
401,matthias-k,1,11,2,25,14,Theano,2,5
402,mharradon,0,0,4,18,6,Theano,2,8
403,Morgan243,1,1,9,25,12,Theano,2,6
404,deltaz0,0,0,0,3,0,Theano,2,4
405,gvtulder,0,3,0,6,7,Theano,142,10
406,herr-biber,1,0,6,22,8,Theano,9,7
407,srambhatla,0,0,3,5,1,Theano,2,3
408,timgasper,0,0,0,8,0,Theano,2,7
409,glogowski-wojciech,0,1,0,4,0,Theano,2,4
410,yarikoptic,17,26,8,245,178,Theano,2,10
411,PhNyx,0,0,0,0,0,Theano,2,4
412,fo40225,0,7,0,74,11,Theano,2,4
413,ivdorelian,0,0,1,8,2,Theano,2,6
414,jan-matthis,0,6,25,32,15,Theano,2,7
415,jojolalpin,0,0,1,14,0,Theano,2,6
416,gdesjardins,0,0,1,24,16,Theano,139,8
417,memimo,1,8,10,24,119,Theano,9,8
418,mrTsjolder,0,0,4,9,4,Theano,2,5
419,spotted1234,0,0,0,2,0,Theano,2,5
420,peterjsadowski,0,0,7,9,12,Theano,2,5
421,stsievert,4,20,30,113,82,Theano,2,6
422,tete1030,0,0,17,15,4,Theano,2,5
423,wyjw,0,0,0,12,0,Theano,2,3
424,ejls,0,0,0,7,4,Theano,2,3
425,wazeerzulfikar,1,0,10,26,19,Theano,2,3
426,aflaxman,0,134,9,59,129,Theano,1,9
427,ASalvail,1,0,0,6,5,Theano,1,5
428,nicholas-leonard,4,0,288,67,653,Theano,9,5
429,akx,8,62,32,292,65,Theano,1,9
430,ageitgey,0,9,2,37,1105,Theano,1,7
431,arkeet,0,6,1,21,11,Theano,1,6
432,aseyboldt,1,12,0,40,18,Theano,1,6
433,albertz,1,24,141,140,156,Theano,1,9
434,aelaguiz,1,15,12,29,31,Theano,1,8
435,and-colonna,0,0,4,4,4,Theano,1,4
436,andresgottlieb,3,0,73,14,50,Theano,1,7
437,aalmah,1,0,0,11,10,Theano,118,7
438,anmolsahoo25,0,1,0,3,9,Theano,1,4
439,juancamilog,0,12,2,30,10,Theano,8,6
440,Azrael1,0,0,0,18,5,Theano,1,4
441,carlthome,1,11,132,33,115,Theano,1,6
442,ChongWu-Biostat,0,0,6,21,8,Theano,1,4
443,cvangysel,0,1,2,21,26,Theano,1,7
444,ClaudeCoulombe,0,3,3,48,7,Theano,1,5
445,claymcleod,1,31,3,33,23,Theano,1,5
446,dimatura,0,4,48,98,100,Theano,1,9
447,dg2,0,7,3,25,5,Theano,1,6
448,davidbau,2,7,0,47,138,Theano,1,5
449,Hengjean,0,0,0,1,1,Theano,111,4
450,kyunghyuncho,0,2,2,34,584,Theano,8,5
451,desireevl,0,0,2,10,9,Theano,1,2
452,n1ghtmare,0,2,15,18,16,Theano,1,5
453,EdwardBetts,1,5,164,975,70,Theano,1,10
454,evelynmitchell,1,12,227,310,66,Theano,1,7
455,enfeizhan,0,0,7,59,6,Theano,1,4
456,Snarfza,0,0,0,2,1,Theano,1,5
457,Fuchai,0,2,31,72,6,Theano,1,3
458,fabioperez,0,8,14,12,28,Theano,1,8
459,GSam,0,1,5,40,9,Theano,1,6
460,genichyar,0,0,0,4,0,Theano,1,5
461,orhanf,0,0,0,30,56,Theano,8,5
462,jlowin,1,5,19,14,28,Theano,107,9
463,gfrenchuea,0,0,0,1,0,Theano,1,5
464,glouppe,4,5,20,51,417,Theano,1,8
465,gciccarelli3,0,0,0,44,2,Theano,1,4
466,temporaer,1,6,1,45,27,Theano,1,10
467,hma02,0,3,9,61,15,Theano,1,3
468,yhlam,0,0,3,33,4,Theano,1,6
469,kohr-h,1,2,6,25,8,Theano,1,5
470,huanzhang12,0,0,0,24,31,Theano,1,4
471,huyng,1,20,40,57,174,Theano,1,9
472,ruslanagit,0,0,0,2,0,Theano,8,2
473,ilanschnell,2,0,3,20,85,Theano,1,8
474,NicolasBouchard,0,0,2,4,2,Theano,106,6
475,jlombacher,0,0,1,14,0,Theano,1,8
476,janchorowski,0,0,0,33,35,Theano,1,6
477,jayanthkoushik,0,0,21,10,56,Theano,1,5
478,jfsantos,2,34,56,179,161,Theano,1,10
479,johnarevalo,0,9,4,23,7,Theano,1,6
480,jaygood,0,0,6,55,4,Theano,1,4
481,KarenUllrich,0,1,12,9,67,Theano,1,4
482,kyleam,1,0,0,40,23,Theano,1,6
483,dwf,2,58,63,58,229,Theano,398,9
484,taesupkim,0,0,0,20,4,Theano,8,4
485,jaberg,2,6,23,67,321,Theano,1978,9
486,khaotik,0,6,2,24,12,Theano,105,5
487,lzamparo,0,34,2,39,0,Theano,1,6
488,Naereen,1,8,238,115,69,Theano,1,3
489,TaoLv,0,0,19,12,7,Theano,1,2
490,madisonmay,0,5,164,100,155,Theano,1,6
491,Maltimore,0,2,53,15,11,Theano,1,4
492,marondeau,0,0,0,1,0,Theano,1,3
493,mafg,0,0,2,1,1,Theano,1,3
494,denadai2,0,3,21,49,21,Theano,1,8
495,joaovictortr,0,15,14,9,4,Theano,279,2
496,mdraw,4,2,12,27,7,Theano,1,4
497,ferrine,1,6,2,33,30,Theano,1,3
498,mbojrab,0,0,0,3,1,Theano,1,3
499,eickenberg,0,17,10,28,25,Theano,1,6
500,mike1808,0,4,4,52,34,Theano,1,5
501,mop,0,4,2,26,8,Theano,1,10
502,mdenil,0,2,6,12,143,Theano,1,8
503,MurugeshMarvel,0,0,95,92,38,Theano,1,4
504,nalepae,0,0,1,7,5,Theano,1,5
505,NeilGirdhar,0,0,4,5,3,Theano,1,7
506,anirudh9119,0,10,15,91,47,Theano,7,6
507,caglar,0,2,2,77,72,Theano,103,8
508,niasla,0,0,0,8,2,Theano,1,6
509,pallegro,1,0,1,8,1,Theano,1,6
510,pra85,9,13,132,792,65,Theano,1,7
511,ritheshkumar95,0,0,12,31,38,Theano,1,4
512,rilut,0,27,83,59,39,Theano,1,6
513,rkern,3,18,1,23,108,Theano,1,9
514,millette,2,6,145,216,193,Theano,1,9
515,Inoryy,0,12,45,46,70,Theano,1,8
516,saatvikshah1994,0,5,0,10,3,Theano,1,4
517,xoltar,0,0,1,29,8,Theano,7,7
518,SinaHonari,0,0,0,7,15,Theano,101,5
519,seberg,1,6,0,12,12,Theano,1,9
520,SebastinSanty,6,2,41,61,84,Theano,1,3
521,superbobry,5,27,40,76,153,Theano,1,8
522,serge-m,0,3,3,64,2,Theano,1,5
523,shaibagon,1,0,0,13,48,Theano,1,6
524,betatim,16,127,49,205,209,Theano,1,6
525,vikkamath,0,1,46,55,16,Theano,1,6
526,weilinear,1,5,23,45,90,Theano,1,6
527,oeway,0,8,9,56,35,Theano,1,8
528,ciyongch,0,0,2,11,22,Theano,7,2
529,xternalz,0,0,0,13,15,Theano,1,5
530,aam-at,0,1,7,13,55,Theano,96,8
531,ynd,0,2,1,24,102,Theano,1,10
532,yaroslavvb,0,34,145,23,444,Theano,1,10
533,frankyjuang,0,1,16,33,19,Theano,1,5
534,itdxer,1,2,0,24,46,Theano,1,6
535,dwiel,0,3,3,72,35,Theano,1,10
536,yzotov,0,0,0,8,3,Theano,1,5
537,warmspringwinds,0,12,26,45,350,Theano,1,6
538,dareneiri,0,2,1,10,2,Theano,1,4
539,lucasb-eyer,3,9,19,70,117,Theano,7,6
540,eulerreich,1,2,0,23,2,Theano,1,5
541,hexahedria,0,5,0,18,201,Theano,1,5
542,f0k,1,11,0,24,133,Theano,92,7
543,jakirkham,12,69,45,686,73,Theano,1,6
544,jordan-melendez,0,0,5,9,3,Theano,1,2
545,jotterbach,0,5,4,24,19,Theano,1,5
546,lrast,0,0,2,8,1,Theano,1,7
547,morrme,0,0,0,41,5,Theano,1,1
548,naitonium,0,0,0,1,4,Theano,1,5
549,rahul003,1,7,20,41,33,Theano,1,5
550,benanne,1,28,10,18,889,Theano,7,9
551,reyoung,0,52,25,131,127,Theano,1,7
552,rolfvandam,0,0,0,4,1,Theano,1,5
553,cooijmanstim,0,5,10,32,43,Theano,91,8
554,superantichrist,0,0,0,2,1,Theano,1,5
555,theaverageguy,0,0,2,114,6,Theano,1,4
556,tillahoffmann,0,28,2,46,7,Theano,1,7
557,valtron,0,12,1,1,4,Theano,1,9
558,wuaalb,0,1,0,9,26,Theano,1,4
559,you-n-g,0,1,12,39,13,Theano,1,8
560,mrocklin,10,263,2,191,662,Theano,90,8
561,yobibyte,1,0,138,35,51,Theano,7,6
562,daemonmaker,0,0,14,15,18,Theano,87,6
563,larseeri,0,0,1,1,0,Theano,87,6
564,mohammadpz,2,3,36,94,174,Theano,87,5
565,Thrandis,0,0,0,14,9,Theano,73,3
566,cangermueller,0,1,0,28,67,Theano,63,5
567,yaoli,0,2,1,16,121,Theano,62,7
568,ChihebTrabelsi,0,2,3,8,26,Theano,61,3
569,shawntan,2,85,117,74,251,Theano,60,9
570,hantek,1,0,67,37,80,Theano,60,5
571,t13m,0,11,228,48,13,Theano,59,5
572,yikangshen,0,0,9,10,8,Theano,7,3
573,adbrebs,2,0,2,21,105,Theano,57,4
574,pascanur,1,0,1,10,132,Theano,1054,8
575,josharian,1,67,3,95,253,Theano,51,9
576,chinnadhurai,0,0,3,26,4,Theano,50,4
577,Saizheng,0,0,7,27,11,Theano,49,4
578,doomie,1,0,0,7,43,Theano,47,8
579,jsalvatier,1,4,4,42,60,Theano,46,8
580,harmdevries89,0,0,0,14,15,Theano,45,4
581,shabanian,1,0,4,12,5,Theano,45,4
582,tfjgeorge,1,0,12,31,10,Theano,42,6
583,bbudescu,0,1,0,11,2,Theano,6,5
584,julianser,0,0,0,20,125,Theano,41,4
585,fvisin,1,8,1,28,44,Theano,40,5
586,goodfeli,1,0,3,18,5822,Theano,755,8
587,sisp,0,7,0,3,3,Theano,40,6
588,MarcCote,2,10,12,31,30,Theano,37,7
589,sebastien-j,0,0,0,16,13,Theano,36,5
590,bartvm,2,40,0,50,107,Theano,35,6
591,vikramnitin9,0,0,0,11,1,Theano,35,3
592,vdumoulin,1,0,3,18,341,Theano,35,6
593,Faruk-Ahmed,0,0,2,7,3,Theano,34,7
594,botev,1,12,0,27,17,Theano,11,6
595,danielrenshaw,0,3,1,2,12,Theano,6,7
596,dmitriy-serdyuk,0,8,0,67,14,Theano,30,6
597,carriepl,0,0,0,13,2,Theano,671,7
598,olimastro,0,0,0,5,1,Theano,30,3
599,manzagop,0,0,0,0,0,Theano,30,3
600,alexmlamb,0,1,0,56,35,Theano,28,5
601,mgermain,1,6,30,14,23,Theano,27,7
602,viveksck,0,13,15,183,32,Theano,27,8
603,bouthilx,0,0,0,31,13,Theano,26,6
604,HapeMask,0,2,0,17,5,Theano,25,6
605,kelvinxu,0,0,29,33,222,Theano,25,5
606,royxue,0,8,53,90,63,Theano,213,5
607,breuleux,0,3,0,87,52,Theano,507,7
608,yingzha,0,0,3,38,49,Theano,24,4
609,matt-graham,0,2,0,16,31,Theano,20,4
610,stencilman,0,0,16,14,42,Theano,19,5
611,kmike,10,65,0,143,717,Theano,19,9
612,shackenberg,0,11,11,31,28,Theano,18,7
613,rmcgibbo,3,132,117,165,162,Theano,18,7
614,simlmx,0,0,3,29,16,Theano,17,7
615,erakra,0,0,6,2,2,Theano,17,2
616,notoraptor,0,6,0,22,1,Theano,461,5
617,diogo149,0,2,2,70,73,Theano,6,6
618,AlOa,0,0,0,2,2,Theano,16,5
619,AndreiCostinescu,0,0,4,16,2,Theano,16,4
620,sygi,0,4,1,49,17,Theano,16,8
621,laurent-dinh,0,2,16,12,52,Theano,16,6
622,glorotxa,0,0,4,7,48,Theano,15,8
623,borisfom,0,0,4,23,25,Theano,14,3
624,aboSamoor,0,19,11,27,77,Theano,14,9
625,JesseLivezey,1,6,16,67,23,Theano,14,6
626,saebrahimi,1,0,21,7,26,Theano,12,5
627,gokul-uf,4,6,11,84,34,Theano,6,5
628,gwtaylor,0,4,5,18,197,Theano,6,7
629,julienr,0,20,7,62,115,Theano,6,8
630,kumarkrishna,0,8,133,32,123,Theano,6,5
631,boulanni,0,0,0,2,27,Theano,6,8
632,ozancaglayan,1,16,101,35,149,Theano,6,8
633,paulfchristiano,0,1,0,12,26,Theano,6,7
634,hamelphi,0,0,0,2,1,Theano,11,7
635,seanprime7,0,0,3,5,5,Theano,6,7
636,turian,0,2,42,61,278,Theano,192,9
637,TimSalimans,0,1,0,5,123,Theano,6,5
638,vmichals,1,0,6,14,9,Theano,6,6
639,cocuh,0,77,51,62,66,Theano,6,6
640,jia-kai,1,4,3,26,81,Theano,6,6
641,andreh12,0,0,0,4,0,Theano,5,5
642,douglaseck,0,0,0,6,191,Theano,5,3
643,HaniAlmousli,0,0,0,6,6,Theano,5,6
644,yosinski,1,5,10,43,417,Theano,5,8
645,jhelie,0,0,0,64,1,Theano,11,4
646,jdemouth,0,0,0,10,32,Theano,5,6
647,abalkin,1,0,9,32,62,Theano,188,8
648,mbeissinger,0,0,8,14,46,Theano,5,6
649,moslemk,0,0,0,2,0,Theano,5,5
650,mingwandroid,2,15,24,114,121,Theano,5,7
651,Saxenauts,0,0,4,25,3,Theano,5,4
652,surban,2,1,22,46,13,Theano,5,7
653,shubhvachher,1,0,1,14,8,Theano,5,4
654,skaae,1,35,18,24,211,Theano,5,6
655,gw0,0,0,0,64,31,Theano,5,7
656,xiaoqie,0,0,0,6,0,Theano,11,6
657,happygds,0,0,3,23,6,Theano,5,3
658,affanv14,0,0,0,7,0,Theano,183,3
659,mockingjamie,0,0,0,12,2,Theano,5,3
660,tsirif,1,1,30,14,36,Theano,4,5
661,rizar,0,18,1,34,195,Theano,4,7
662,uralik,0,0,28,9,13,Theano,4,6
663,jey,0,9,35,30,37,Theano,4,10
664,317070,0,0,1,19,68,Theano,4,5
665,ieee8023,0,5,48,61,70,Theano,4,8
666,bayerj,0,60,16,29,59,Theano,4,9
667,FayW,0,0,0,13,0,Theano,10,5
668,slefrancois,0,1,0,7,5,Theano,177,2
669,kashif,1,28,53,126,172,Theano,4,10
670,theano-bot,0,0,0,0,0,Theano,4,2
671,cai-lw,0,0,10,13,18,Theano,4,4
672,SuperElectric,0,0,3,7,2,Theano,4,5
673,mcfletch,0,0,0,53,16,Theano,4,8
674,IshmaelBelghazi,0,3,9,43,58,Theano,4,5
675,npinto,1,42,36,129,148,Theano,4,10
676,RadhikaG,2,6,10,13,56,Theano,4,4
677,rebecca-palmer,0,0,0,2,1,Theano,4,4
678,bordesf,0,0,0,5,5,Theano,10,5
679,Sentient07,1,15,21,41,23,Theano,173,5
680,sieben,2,176,231,29,52,Theano,4,8
681,zploskey,2,0,35,54,18,Theano,4,8
682,mronian,4,9,2,45,44,Theano,4,5
683,vesis84,0,0,1,10,26,Theano,4,3
684,waiwnf,0,0,0,3,2,Theano,3,2
685,benathi,0,2,4,33,27,Theano,3,5
686,briancheung,0,0,1,14,20,Theano,3,7
687,ebuchman,0,4,22,59,176,Theano,3,6
688,ReyhaneAskari,2,0,11,28,20,Theano,165,3
689,kvmanohar22,3,1,40,55,49,Theano,10,3
690,jeffdonahue,1,17,1,14,315,Theano,3,7
691,jbornschein,2,4,5,27,134,Theano,3,8
692,Kaixhin,4,15,244,31,403,Theano,3,7
693,medakk,0,5,6,24,3,Theano,3,3
694,omtcvxyz,0,1,22,19,28,Theano,3,5
695,xeray,1,0,3,3,3,Theano,3,5
696,MartinThoma,0,59,6,130,218,Theano,3,6
697,mjwillson,0,14,4,31,18,Theano,3,10
698,pfk-beta,0,0,0,8,3,Theano,3,7
699,abergeron,1,3,0,40,55,Theano,2295,7
700,fchollet,2,8,0,7,5477,Keras,2148,7
701,farizrahman4u,4,8,5,42,538,Keras,197,3
702,wb14123,0,6,13,59,128,Keras,3,6
703,smgt,3,12,13,77,30,Keras,2,10
704,SimonMarkWarren,0,0,0,1,0,Keras,2,2
705,Spotlight0xff,0,5,10,38,3,Keras,2,6
706,StefanoD,0,0,2,15,2,Keras,2,6
707,ozabluda,0,6,0,4,12,Keras,106,3
708,tboquet,0,5,179,28,46,Keras,16,5
709,StefanoCappellini,0,0,0,2,0,Keras,2,5
710,sumitgouthaman,3,0,15,43,65,Keras,2,7
711,osh,7,5,27,68,254,Keras,2,7
712,yhenon,0,5,1,11,107,Keras,2,4
713,dieuwkehupkes,0,2,0,13,14,Keras,3,6
714,yxonic,0,2,4,30,25,Keras,2,5
715,moustaki,2,21,10,36,96,Keras,2,10
716,abrad1212,0,6,9,14,3,Keras,2,4
717,antonmbk,0,0,5,5,1,Keras,2,3
718,drauh,0,0,0,11,1,Keras,2,5
719,carlthome,1,11,132,33,115,Keras,15,6
720,eltronix,0,0,1,16,0,Keras,2,5
721,flomlo,0,6,0,2,4,Keras,2,4
722,ipod825,0,1,1,27,3,Keras,2,7
723,jcuypers,0,0,3,10,3,Keras,2,9
724,udibr,1,7,0,76,116,Keras,3,7
725,jpeg729,0,0,0,34,13,Keras,2,6
726,kouml,0,0,0,6,0,Keras,2,2
727,leereeves,0,0,0,4,0,Keras,2,3
728,lucasmoura,2,2,0,58,23,Keras,2,6
729,meberstein,0,0,0,1,0,Keras,2,1
730,mjacquem1,0,0,0,7,0,Keras,2,4
731,lukedeo,0,11,16,35,81,Keras,15,5
732,tzachar,0,0,0,4,0,Keras,2,5
733,stonebig,0,2,2,100,20,Keras,2,5
734,t-vi,0,8,0,10,24,Keras,2,2
735,tdhd,0,8,34,24,15,Keras,30,4
736,td2014,0,0,0,62,2,Keras,2,5
737,valtron,0,12,1,1,4,Keras,2,9
738,luoch,0,0,3,13,5,Keras,2,4
739,bojone,0,0,0,18,380,Keras,2,4
740,chenb67,0,2,22,10,7,Keras,2,5
741,sadreamer,0,1,0,1,1,Keras,2,4
742,hiroyachiba,0,1,0,9,2,Keras,2,4
743,olegsinyavskiy,1,2,0,1,3,Keras,15,6
744,ncullen93,1,6,7,29,80,Keras,2,3
745,cympfh,1,158,11,110,31,Keras,1,6
746,ericwu09,0,0,0,9,2,Keras,3,3
747,3h4,0,31,0,2,3,Keras,1,2
748,5ke,0,0,0,4,2,Keras,1,4
749,AIshb,1,0,8,9,12,Keras,1,4
750,adamcavendish,1,1,232,44,43,Keras,1,6
751,durana,0,2,0,12,9,Keras,1,10
752,adammenges,1,22,76,105,11,Keras,1,7
753,akshaychawla,0,1,0,20,4,Keras,1,4
754,alito,0,0,0,23,11,Keras,1,7
755,abhaikollara,0,5,11,15,35,Keras,14,2
756,apbard,1,0,0,7,1,Keras,1,3
757,nouiz,2,4,6,48,305,Keras,3,8
758,aeftimia,0,3,9,25,6,Keras,1,5
759,krizp,0,0,0,5,0,Keras,1,3
760,iskandr,2,30,155,60,182,Keras,1,9
761,alsrgv,0,6,3,7,34,Keras,1,2
762,Alex1729,0,0,0,2,2,Keras,1,4
763,ameasure,0,8,2,11,2,Keras,1,7
764,alexander-rakhlin,0,2,0,34,78,Keras,1,4
765,Morhaus,0,14,1,52,131,Keras,1,6
766,manashty,0,0,7,28,0,Keras,1,4
767,yaringal,0,0,0,18,609,Keras,14,5
768,ziky90,0,0,11,68,25,Keras,3,6
769,alvarouc,0,0,6,25,18,Keras,1,4
770,amaotone,0,7,22,44,11,Keras,1,4
771,basaundi,0,1,11,20,4,Keras,1,7
772,andhus,0,0,0,24,12,Keras,1,5
773,DreSimpelo,0,0,14,13,6,Keras,1,4
774,aesuli,1,4,0,25,18,Keras,1,4
775,pavlin99th,0,0,0,6,1,Keras,1,5
776,stromnov,1,3,2,30,11,Keras,1,9
777,melentye,0,3,2,13,9,Keras,1,6
778,jihobak,0,16,130,42,8,Keras,14,4
779,javidcf,0,5,3,13,10,Keras,3,7
780,apisarek,0,0,13,14,12,Keras,1,3
781,andreArtelt,0,0,1,8,1,Keras,1,3
782,AnishShah,0,11,10,28,24,Keras,1,5
783,agitter,2,5,0,26,48,Keras,1,5
784,splinter89,1,7,3,20,3,Keras,1,8
785,arel,0,0,0,24,7,Keras,1,9
786,arokem,6,80,24,404,181,Keras,1,9
787,aronj,2,2,5,22,5,Keras,1,8
788,arpit15,0,42,64,32,18,Keras,1,5
789,Danielhiversen,2,0,1,38,49,Keras,13,7
790,kencoken,0,2,0,34,29,Keras,3,7
791,acburigo,0,0,5,8,12,Keras,1,2
792,arundasan91,0,11,47,38,38,Keras,1,3
793,al626,0,0,0,4,2,Keras,1,2
794,veniversum,2,9,9,44,45,Keras,1,4
795,jbencook,0,1,4,47,21,Keras,1,5
796,bmabey,4,87,25,137,203,Keras,1,10
797,codekansas,2,18,52,59,170,Keras,1,5
798,nebw,1,3,12,24,13,Keras,1,8
799,berkatmaca,0,0,14,4,9,Keras,1,6
800,bhargav,1,2,36,21,14,Keras,1,8
801,mbatchkarov,1,3,28,32,29,Keras,3,7
802,jeammimi,0,0,0,23,9,Keras,13,4
803,bottydim,0,0,6,20,7,Keras,1,4
804,bnaul,0,27,0,43,31,Keras,1,7
805,bchu,1,1,46,27,89,Keras,1,6
806,bryan-lunt,0,18,47,69,13,Keras,1,9
807,bbenligiray,0,3,1,13,5,Keras,1,2
808,cbentes,0,1,20,78,11,Keras,1,5
809,cadurosar,0,1,0,7,4,Keras,1,6
810,chentaMS,0,0,0,0,0,Keras,1,1
811,SolessChong,0,0,17,45,22,Keras,1,7
812,matsuyamax,0,0,6,3,6,Keras,32,3
813,mohanson,0,43,2,72,19,Keras,3,3
814,gabrieldemarmiesse,0,0,2,15,8,Keras,13,3
815,chcaru,0,0,0,16,20,Keras,1,4
816,cengh,0,1,1,1,1,Keras,1,5
817,colllin,3,24,46,75,26,Keras,1,8
818,cosmith,0,16,31,52,31,Keras,1,7
819,cgratie,0,0,0,18,0,Keras,1,4
820,deltheil,1,47,39,32,106,Keras,1,8
821,dan-nadler,0,0,2,19,3,Keras,1,4
822,23pointsNorth,1,4,0,33,13,Keras,1,5
823,taehoonlee,2,0,73,23,142,Keras,88,5
824,pjadzinsky,0,0,6,32,4,Keras,3,3
825,tristandeleu,0,0,0,13,91,Keras,12,6
826,decrispell,2,1,0,11,7,Keras,1,6
827,danieljl,0,0,2,23,23,Keras,1,6
828,danielS91,0,2,2,3,3,Keras,1,3
829,danielegrattarola,0,0,10,11,37,Keras,1,3
830,danieldk,3,30,14,49,89,Keras,1,9
831,Dandandan,0,0,2,50,20,Keras,1,9
832,davechallis,0,0,5,22,9,Keras,1,8
833,dwillmer,3,1,2,110,48,Keras,1,6
834,capybaralet,0,1,1,61,31,Keras,1,5
835,Dref360,1,12,24,28,68,Keras,26,4
836,davidslac,0,0,2,22,9,Keras,1,2
837,kemaswill,0,1,5,62,33,Keras,12,6
838,davidvetrano,2,0,24,12,13,Keras,1,7
839,daavoo,0,2,22,11,33,Keras,1,3
840,hevensun,0,2,32,161,0,Keras,1,4
841,dmadeka,0,0,0,39,23,Keras,1,4
842,ducha-aiki,0,8,4,42,140,Keras,1,5
843,DomHudson,0,0,3,6,1,Keras,1,3
844,DominicBreuker,0,15,7,57,42,Keras,1,5
845,dmaniry,0,1,2,4,4,Keras,1,8
846,brainnoise,3,1,0,4,40,Keras,3,3
847,kashif,1,28,53,126,172,Keras,12,10
848,erg,2,6,19,30,37,Keras,1,10
849,d0ugal,9,44,69,105,195,Keras,1,9
850,durgeshm,0,8,4,16,2,Keras,1,7
851,edrogers,0,0,2,29,4,Keras,1,8
852,edsonmedina,0,0,63,7,28,Keras,1,10
853,emad,2,3,26,11,23,Keras,1,10
854,erfannoury,2,11,119,39,81,Keras,1,6
855,smistad,0,0,21,41,126,Keras,1,8
856,evhub,0,13,171,111,175,Keras,1,6
857,pasky,2,2,1,39,176,Keras,3,10
858,fsonntag,0,0,11,25,10,Keras,1,7
859,gw0,0,0,0,64,31,Keras,12,7
860,FirefoxMetzger,0,28,0,26,3,Keras,1,5
861,fbrundu,0,15,24,23,15,Keras,1,7
862,fran6co,2,11,1,97,14,Keras,1,7
863,FuriouslyCurious,0,7,101,12,12,Keras,1,4
864,gklambauer,1,1,0,19,33,Keras,1,7
865,GPhilo,0,0,0,3,0,Keras,1,5
866,GalaxyDream,0,0,12,41,7,Keras,1,3
867,GarrisonJ,1,7,45,35,13,Keras,1,6
868,pranv,0,1,5,7,45,Keras,3,4
869,jgrnt,0,0,9,20,4,Keras,1,6
870,Joshua-Chin,0,1,6,36,12,Keras,11,5
871,georgwiese,0,1,0,16,10,Keras,1,6
872,geohot,0,8,1,34,4723,Keras,1,9
873,GregorySenay,0,0,0,10,1,Keras,1,5
874,rodgzilla,0,0,7,49,14,Keras,1,3
875,lathen,0,0,0,10,3,Keras,1,6
876,mynameisguy,0,1,0,6,6,Keras,1,7
877,hijoe320,0,0,10,15,9,Keras,1,7
878,HappyStorm,0,2,194,25,19,Keras,1,4
879,robertomest,0,0,5,5,9,Keras,3,5
880,hotdogee,0,0,0,30,5,Keras,1,6
881,vivshaw,0,0,12,34,9,Keras,1,2
882,henry0312,4,45,19,29,50,Keras,11,8
883,heath730,0,0,4,5,2,Keras,1,5
884,HelgeS,0,0,0,36,4,Keras,1,6
885,guohengkai,0,0,77,17,21,Keras,1,5
886,vwrs,0,9,4,13,7,Keras,1,3
887,hiromichinomata,0,1,0,35,9,Keras,1,3
888,xuhdev,4,39,27,122,107,Keras,1,8
889,hhkarimi,0,0,0,9,0,Keras,1,2
890,roatienza,0,0,0,23,70,Keras,3,4
891,igormq,0,7,26,26,44,Keras,1,7
892,ilivans,0,1,3,32,32,Keras,1,2
893,uralik,0,0,28,9,13,Keras,1,6
894,bstriner,0,5,1,54,144,Keras,10,3
895,Indy9000,0,15,1,86,5,Keras,1,3
896,johnyf,1,1,10,61,61,Keras,1,6
897,israelg99,0,0,9,36,35,Keras,1,6
898,ISosnovik,1,2,11,26,59,Keras,1,3
899,inexxt,0,7,1,46,3,Keras,1,4
900,JakeBecker,0,0,0,20,32,Keras,1,7
901,srjoglekar246,2,0,1,17,62,Keras,3,6
902,jstypka,1,2,7,10,18,Keras,1,5
903,jdoerrie,1,1,2,14,16,Keras,1,5
904,yosinski,1,5,10,43,417,Keras,1,8
905,JasonTam,1,12,34,39,20,Keras,1,6
906,dbonadiman,0,2,17,10,19,Keras,10,6
907,jtdoepke,0,4,12,23,4,Keras,1,7
908,jedrekfulara,0,0,0,2,1,Keras,1,3
909,jeremyfix,0,1,0,38,21,Keras,1,7
910,jerheff,1,3,2,8,12,Keras,1,5
911,kalkun,0,7,9,11,12,Keras,1,6
912,TimZaman,1,1,9,18,64,Keras,3,4
913,glennq,0,2,6,13,24,Keras,1,5
914,novotnj3,0,0,0,3,1,Keras,1,2
915,snurkabill,0,6,28,45,25,Keras,1,5
916,joeyhng,0,4,34,23,39,Keras,1,7
917,johanahlqvist,0,1,1,2,1,Keras,1,3
918,keunwoochoi,0,20,36,55,325,Keras,10,3
919,jpauwels,0,4,17,31,13,Keras,1,8
920,ahojnnes,2,7,7,60,133,Keras,1,9
921,jbn,1,36,133,133,67,Keras,1,9
922,DEKHTIARJonathan,2,17,32,28,30,Keras,1,3
923,nagadomi,0,21,22,43,776,Keras,4,8
924,vchernobyl,0,0,10,12,1,Keras,3,3
925,jinntrance,0,0,9,75,63,Keras,1,6
926,jphalip,1,18,3,64,124,Keras,1,9
927,tae-jun,1,1,10,37,25,Keras,1,4
928,jurim0301,0,0,0,6,0,Keras,1,3
929,jdespraz,0,0,0,6,0,Keras,1,2
930,Lewuathe,3,93,194,86,147,Keras,1,6
931,souptc,1,0,1,9,8,Keras,10,3
932,ksindi,1,62,78,24,29,Keras,1,6
933,johnjacobkenny,0,0,1,8,3,Keras,1,2
934,kevinbache,0,0,2,17,11,Keras,1,7
935,yang-zhang,0,2,16,70,4,Keras,3,6
936,kmader,2,70,119,99,96,Keras,1,9
937,VitamintK,1,10,58,67,26,Keras,1,7
938,texttheater,0,4,12,41,23,Keras,1,10
939,Kongsea,0,3,9,57,12,Keras,1,5
940,cheekujodhpur,0,7,13,65,48,Keras,1,5
941,kumaranvpl,0,7,222,84,14,Keras,1,4
942,kyle-dorman,0,4,6,27,28,Keras,1,6
943,EderSantana,2,20,2,68,526,Keras,65,5
944,amitbeka,0,0,0,18,4,Keras,9,4
945,KyotoSunshine,0,0,0,3,2,Keras,1,3
946,nehz,1,3,15,79,62,Keras,3,9
947,concerttttt,0,0,29,27,1,Keras,1,2
948,lgautier,0,9,3,38,45,Keras,1,7
949,Naereen,1,8,238,115,69,Keras,1,3
950,liormagen,0,0,16,51,8,Keras,1,3
951,lucasdavid,3,2,15,26,27,Keras,1,6
952,lucashu1,0,0,6,15,9,Keras,1,6
953,lutzroeder,3,0,0,11,163,Keras,1,8
954,yasoob,2,9,49,165,395,Keras,1,5
955,Smerity,0,43,114,60,450,Keras,9,10
956,MPiecuch,0,0,0,1,0,Keras,1,4
957,jfsantos,2,34,56,179,161,Keras,26,10
958,de-vri-es,4,2,4,35,18,Keras,1,7
959,jocicmarko,1,0,0,3,86,Keras,1,6
960,MartinXPN,1,0,0,9,13,Keras,1,3
961,marthall,3,13,48,34,34,Keras,1,6
962,n17r4m,0,0,4,31,1,Keras,1,6
963,alshedivat,1,0,15,27,122,Keras,1,6
964,mewwts,0,5,9,38,65,Keras,1,6
965,mdering,0,6,3,13,5,Keras,1,7
966,matthiasplappert,0,11,3,43,271,Keras,1,9
967,vzhong,2,8,16,47,126,Keras,9,6
968,MoyanZitto,0,0,7,44,171,Keras,3,3
969,MatthieuPerrot,0,0,0,4,7,Keras,1,8
970,maexlich,0,4,5,14,4,Keras,1,6
971,mangerlahn,2,0,18,16,12,Keras,1,3
972,Max-Pol,0,0,4,15,1,Keras,1,3
973,maximsch2,0,7,0,49,10,Keras,1,8
974,LawnboyMax,0,1,3,23,5,Keras,1,2
975,nyghtowl,0,2,72,87,268,Keras,1,5
976,MrMYHuang,0,2,2,34,4,Keras,1,3
977,airalcorn2,0,9,30,17,127,Keras,1,6
978,mab4058,1,0,0,2,0,Keras,1,2
979,cclauss,2,34,34,1119,131,Keras,3,5
980,patyork,0,2,1,46,24,Keras,9,6
981,dalupus,0,9,1,31,2,Keras,1,7
982,mkirch,0,0,16,14,12,Keras,1,4
983,podhrmic,1,4,4,36,25,Keras,1,6
984,mendesmiguel,0,0,2,20,7,Keras,1,5
985,mikekestemont,0,0,3,53,65,Keras,1,5
986,mikesol,0,5,0,38,8,Keras,1,8
987,kmike,10,65,0,143,717,Keras,1,9
988,MiliasV,0,4,5,14,1,Keras,1,3
989,smonami,1,1,31,32,16,Keras,1,6
990,charlesollion,0,0,9,4,26,Keras,3,3
991,neggert,0,13,2,31,4,Keras,9,7
992,milani,2,14,26,23,192,Keras,1,8
993,dosht,0,6,11,26,15,Keras,1,8
994,eroniki,0,34,23,68,20,Keras,1,6
995,nsuh,0,1,39,25,17,Keras,1,4
996,nickbabcock,0,6,0,59,19,Keras,1,6
997,pnb,0,0,2,7,3,Keras,1,7
998,sandpiturtle,0,0,15,18,16,Keras,1,2
999,nils-werner,1,52,20,148,71,Keras,1,9
1000,hgaiser,1,24,1,25,25,Keras,8,7
1001,eulerreich,1,2,0,23,2,Keras,3,5
1002,olegantonyan,0,10,4,45,14,Keras,1,6
1003,olalonde,1,40,65,222,180,Keras,1,8
1004,ogrisel,4,73,116,142,2274,Keras,1,9
1005,OliPhilip,0,0,0,3,1,Keras,1,5
1006,holli,0,0,9,29,9,Keras,1,9
1007,ofilip,0,0,3,9,1,Keras,1,5
1008,oswaldoludwig,0,0,2,19,37,Keras,1,2
1009,PPACI,0,2,1,14,7,Keras,1,5
1010,parag2489,0,0,0,7,2,Keras,1,4
1011,jdwittenauer,0,0,28,17,308,Keras,8,6
1012,floydwch,0,1,743,34,87,Keras,3,6
1013,khosravipasha,3,1,159,13,32,Keras,1,6
1014,kilotaras,0,10,0,4,8,Keras,8,7
1015,datumbox,0,0,13,34,227,Keras,8,5
1016,kuza55,0,1,0,29,21,Keras,8,8
1017,maxpumperla,0,8,0,15,242,Keras,63,5
1018,jramapuram,1,3,11,41,35,Keras,8,4
1019,joelthchao,0,10,10,23,96,Keras,8,3
1020,cmyr,1,2,26,55,55,Keras,8,5
1021,angeloskath,0,3,5,23,44,Keras,7,7
1022,kylemcdonald,3,180,47,207,2310,Keras,7,9
1023,jarfo,0,1,0,11,16,Keras,3,6
1024,matt-gardner,1,1,0,61,73,Keras,7,5
1025,mynameisfiber,9,39,46,114,264,Keras,7,9
1026,stephenbalaban,1,1,35,64,81,Keras,7,8
1027,berleon,1,2,11,57,29,Keras,7,7
1028,dolaameng,1,9,62,108,101,Keras,7,10
1029,phreeza,0,14,12,37,48,Keras,62,9
1030,DingKe,0,3,0,44,50,Keras,7,5
1031,jeffzhengye,0,4,20,161,11,Keras,7,5
1032,bzamecnik,0,63,8,76,64,Keras,6,8
1033,bdwyer2,2,0,63,12,17,Keras,6,2
1034,entron,0,8,14,11,55,Keras,4,5
1035,jorgecarleitao,1,8,0,13,15,Keras,3,6
1036,braingineer,2,30,22,53,65,Keras,6,6
1037,fredtony,0,0,1,9,0,Keras,6,2
1038,gokceneraslan,1,12,50,97,178,Keras,6,7
1039,kenterao,0,0,5,9,0,Keras,6,5
1040,mthrok,0,5,5,40,5,Keras,6,7
1041,wxs,0,4,3,17,62,Keras,53,8
1042,rodrigob,0,2,86,36,227,Keras,6,9
1043,icyblade,0,2,14,41,17,Keras,6,5
1044,dansbecker,0,10,0,17,110,Keras,5,6
1045,Reddine,1,2,45,10,29,Keras,5,7
1046,smauq,0,0,0,3,1,Keras,3,4
1047,nicolewhite,3,20,14,47,492,Keras,5,4
1048,rilut,0,27,83,59,39,Keras,5,6
1049,untom,1,0,0,15,45,Keras,5,5
1050,yukoba,0,22,51,54,32,Keras,5,8
1051,ghostplant,0,0,5,29,10,Keras,5,3
1052,masstomato,0,0,2,5,2,Keras,5,4
1053,the-moliver,0,0,0,21,24,Keras,37,9
1054,rushter,0,2,19,9,440,Keras,5,5
1055,linxihui,1,0,2,18,22,Keras,5,4
1056,grahamannett,0,4,13,21,11,Keras,5,4
1057,stas-sl,0,33,12,14,6,Keras,3,5
1058,awentzonline,0,29,35,116,190,Keras,4,5
1059,basveeling,0,2,20,38,51,Keras,4,8
1060,cedias,0,9,33,43,26,Keras,4,6
1061,frexvahi,0,1,1,11,1,Keras,4,1
1062,kli-nlpr,0,0,103,100,22,Keras,4,3
1063,viirya,0,6,4,143,125,Keras,4,9
1064,nzw0301,1,46,46,27,58,Keras,35,4
1065,minkooseo,0,0,4,8,18,Keras,4,6
1066,ramananbalakrishnan,0,5,0,10,11,Keras,4,4
1067,mezzode,0,6,8,19,6,Keras,4,4
1068,t-ae,1,7,1,43,6,Keras,3,3
1069,caisq,0,0,32,14,170,Keras,4,2
1070,SimonSuster,2,0,26,21,22,Keras,4,6
1071,titu1994,0,7,10,117,665,Keras,4,6
1072,stephenroller,1,20,23,31,28,Keras,4,10
1073,Yorwba,0,0,0,10,0,Keras,4,4
1074,alvations,0,37,43,198,120,Keras,4,7
1075,anayebi,0,0,15,3,31,Keras,4,3
1076,ahundt,0,32,62,114,128,Keras,24,9
1077,vkk800,0,1,0,4,0,Keras,3,2
1078,oeway,0,8,9,56,35,Keras,3,8
1079,abnera,0,0,1,7,8,Keras,2,2
1080,achalshah20,0,0,7,42,15,Keras,2,4
1081,alanyee,0,1,9,49,14,Keras,2,6
1082,cocuh,0,77,51,62,66,Keras,4,6
1083,AndreiCostinescu,0,0,4,16,2,Keras,2,4
1084,anjishnu,0,5,6,35,39,Keras,2,6
1085,ArdalanM,0,1,20,16,41,Keras,2,5
1086,barvinograd,0,8,4,11,2,Keras,2,7
1087,myutwo150,0,0,0,0,0,Keras,24,0
1088,erilyth,0,6,50,130,383,Keras,2,4
1089,bbabenko,0,2,0,7,33,Keras,2,7
1090,Dapid,0,11,0,34,2,Keras,2,6
1091,dgorissen,3,1,4,31,76,Keras,2,7
1092,jmhessel,0,1,0,21,32,Keras,4,8
1093,lukovkin,0,6,3,21,24,Keras,2,5
1094,EdwardRaff,0,1,9,15,65,Keras,2,6
1095,staticfloat,2,179,7,1615,68,Keras,2,9
1096,faroit,3,15,101,107,55,Keras,2,9
1097,felixlaumon,2,16,61,22,134,Keras,2,8
1098,julienr,0,20,7,62,115,Keras,21,8
1099,zo7,0,5,17,22,88,Keras,2,5
1100,ghisvail,1,0,4,149,31,Keras,2,6
1101,arodiss,0,6,0,24,5,Keras,2,7
1102,jjallaire,2,28,0,84,679,Keras,2,9
1103,wassname,2,76,33,118,66,Keras,4,7
1104,jsaporta,0,0,1,6,10,Keras,2,3
1105,jayanthkoushik,0,0,21,10,56,Keras,2,5
1106,joeyearsley,0,2,1,28,6,Keras,2,6
1107,joshloyal,0,1,1,110,16,Keras,2,7
1108,crowsonkb,0,19,5,43,15,Keras,2,5
1109,gvtulder,0,3,0,6,7,Keras,17,10
1110,easyas314159,1,1,4,13,7,Keras,2,7
1111,NickShahML,0,0,1,19,128,Keras,2,3
1112,Leoyzen,0,0,3,27,3,Keras,2,5
1113,lunardog,0,22,170,49,55,Keras,2,8
1114,ozancaglayan,1,16,101,35,149,Keras,4,8
1115,lukeyeager,0,11,111,49,249,Keras,2,7
1116,ynqa,1,0,0,15,12,Keras,2,4
1117,MartinThoma,0,59,6,130,218,Keras,2,6
1118,rollingstone,0,7,0,344,2,Keras,2,8
1119,mjdietzx,0,16,15,16,30,Keras,2,4
1120,moutai,0,2,2,56,7,Keras,2,8
1121,N-McA,0,5,1,18,2,Keras,2,4
1122,nigeljyng,0,5,10,12,12,Keras,2,3
1123,nisargjhaveri,2,5,7,32,76,Keras,2,4
1124,nithishdivakar,0,4,5,37,2,Keras,2,3
1125,abishekk92,3,36,22,87,47,Keras,3,7
1126,obilaniu,0,0,0,18,19,Keras,2,5
1127,piperchester,3,15,124,232,93,Keras,2,6
1128,pokey,0,0,1,36,3,Keras,2,7
1129,gewoonrik,1,0,9,26,13,Keras,2,6
1130,tleeuwenburg,0,1,1,21,23,Keras,17,9
1131,bryant1410,3,6,106,3932,153,Keras,2,5
1132,chsasank,0,4,5,42,93,Keras,2,4
1133,woozzu,0,0,0,17,85,Keras,2,7
1134,Sebubu,0,1,9,19,13,Keras,2,4
1135,Shaofanl,0,0,1,28,16,Keras,2,5
1136,Yangqing,8,4,12,42,3378,Caffe2,579,7
1137,asaadaldien,0,0,1,10,3,Caffe2,66,7
1138,ajtulloch,0,190,80,102,773,Caffe2,65,7
1139,rxianfb,0,0,0,0,0,Caffe2,1,1
1140,kochie,2,5,25,64,27,Caffe2,1,3
1141,roxiehehehe,0,0,0,3,0,Caffe2,1,1
1142,viswanathgs,1,7,71,29,165,Caffe2,28,9
1143,seansnyder,0,0,0,2,2,Caffe2,1,8
1144,smessmer,1,0,0,31,9,Caffe2,1,6
1145,Setogit,0,0,0,28,12,Caffe2,1,5
1146,songhan,1,1,3,33,842,Caffe2,1,6
1147,suryaprakaz,0,0,12,13,2,Caffe2,1,4
1148,Swetko,0,0,0,2,0,Caffe2,1,3
1149,rayleichen,0,0,0,1,0,Caffe2,4,3
1150,houseroad,2,1,15,12,19,Caffe2,28,1
1151,xw0,0,1,2,32,9,Caffe2,1,7
1152,pietern,1,79,4,35,407,Caffe2,123,10
1153,chocjy,0,0,0,9,8,Caffe2,27,6
1154,xiaoyunwu,0,0,4,14,18,Caffe2,1,5
1155,caiyang,0,0,0,2,1,Caffe2,1,6
1156,wangkuiyi,0,28,1,98,721,Caffe2,1,6
1157,ipiszy,0,0,8,6,2,Caffe2,1,3
1158,ppwwyyxx,4,10,42,39,1323,Caffe2,1,6
1159,itomatik,0,0,0,2,4,Caffe2,1,7
1160,pestevez,0,0,0,2,2,Caffe2,4,2
1161,benzyx,0,0,7,10,7,Caffe2,26,5
1162,yzheng624,5,12,131,58,104,Caffe2,1,7
1163,4pao,0,0,13,31,2,Caffe2,1,5
1164,haracejacob,0,0,1,10,2,Caffe2,1,2
1165,iamqk,0,0,4,9,1,Caffe2,1,8
1166,inspire99,0,0,73,8,7,Caffe2,1,2
1167,githubGomathi,0,0,0,2,19,Caffe2,1,2
1168,zzz197,0,0,0,3,0,Caffe2,1,3
1169,Erotemic,0,33,0,72,40,Caffe2,1,5
1170,Knight-X,1,0,3,98,8,Caffe2,1,6
1171,dbermond,0,0,0,6,0,Caffe2,4,3
1172,kevinbchen,0,0,0,5,5,Caffe2,1,6
1173,mdschatz,0,0,0,5,0,Caffe2,1,2
1174,mingzhe09088,0,0,0,2,0,Caffe2,1,0
1175,uestclx,0,0,17,39,0,Caffe2,1,3
1176,vtomole,0,10,5,29,26,Caffe2,1,4
1177,urikz,0,0,2,11,16,Caffe2,24,6
1178,wjcskqygj2015,0,0,0,18,0,Caffe2,1,3
1179,yangyanzhan,0,0,1,3,15,Caffe2,1,5
1180,enosair,0,1,10,4,9,Caffe2,24,5
1181,yinghai,0,0,2,14,5,Caffe2,23,7
1182,harouwu,0,0,13,29,11,Caffe2,61,5
1183,boryiingsu,0,0,0,2,0,Caffe2,19,4
1184,BIT-silence,0,0,34,12,21,Caffe2,19,5
1185,volkhin,1,1,38,22,67,Caffe2,18,9
1186,slayton58,0,0,0,6,11,Caffe2,91,5
1187,jspark1105,0,0,0,14,23,Caffe2,16,5
1188,heslami,0,0,0,4,0,Caffe2,14,3
1189,pooyadavoodi,0,1,3,15,5,Caffe2,14,4
1190,wutao27,0,0,1,11,4,Caffe2,13,6
1191,kuttas,0,0,0,2,1,Caffe2,12,7
1192,andrewwdye,0,0,0,3,4,Caffe2,12,5
1193,yayitsamyzhang,0,0,0,6,0,Caffe2,3,4
1194,jackielxu,0,0,10,21,8,Caffe2,11,4
1195,prigoyal,1,1,25,9,131,Caffe2,11,3
1196,lukeyeager,0,11,111,49,249,Caffe2,89,7
1197,glogowski-wojciech,0,1,0,4,0,Caffe2,11,4
1198,jeffdonahue,1,17,1,14,315,Caffe2,10,7
1199,kmatzen,0,7,1,3,44,Caffe2,10,9
1200,wesolwsk,0,0,0,0,2,Caffe2,10,4
1201,romain-intel,0,0,0,5,3,Caffe2,10,6
1202,tomdz,0,5,30,58,64,Caffe2,10,9
1203,martinraison,1,3,1,22,52,Caffe2,9,6
1204,danzimm,1,12,20,59,96,Caffe2,3,9
1205,dzhulgakov,3,0,0,7,83,Caffe2,85,2
1206,goldsborough,0,146,159,71,395,Caffe2,9,4
1207,ezyang,3,36,2,141,676,Caffe2,9,10
1208,ffjiang,0,0,5,10,9,Caffe2,8,5
1209,meyering,0,0,0,3,36,Caffe2,8,7
1210,jonmorton,0,0,1,6,3,Caffe2,8,2
1211,idning,0,4,46,65,286,Caffe2,8,6
1212,zem7,0,0,0,1,0,Caffe2,8,1
1213,salexspb,0,0,0,3,6,Caffe2,80,2
1214,zdevito,0,3,0,17,146,Caffe2,8,8
1215,hoangmit,0,0,0,2,2,Caffe2,3,6
1216,ezineo,0,0,6,22,3,Caffe2,8,4
1217,anderspapitto,2,9,5,32,24,Caffe2,8,6
1218,dpacgopinath,0,0,5,5,9,Caffe2,7,6
1219,gsethi523,2,0,0,1,12,Caffe2,7,4
1220,willyd,0,4,6,80,68,Caffe2,7,7
1221,bddppq,3,3,0,25,41,Caffe2,69,4
1222,dutran,0,0,0,1,78,Caffe2,6,6
1223,JohnRambo,0,1,0,10,0,Caffe2,6,7
1224,kevinwilfong,0,0,0,5,1,Caffe2,6,5
1225,kingohm,0,0,0,0,0,Caffe2,6,3
1226,leemgs,0,0,4,49,8,Caffe2,3,9
1227,ygdx,0,0,0,4,0,Caffe2,6,3
1228,kittipatv,1,0,0,6,3,Caffe2,68,4
1229,Wakeupbuddy,0,1,78,24,18,Caffe2,6,6
1230,haychris,0,0,2,27,9,Caffe2,5,5
1231,davinwang,0,0,0,7,4,Caffe2,5,5
1232,freedomtan,0,4,5,39,21,Caffe2,5,5
1233,manojkris,0,0,0,1,0,Caffe2,5,0
1234,onnxbot,0,0,0,1,2,Caffe2,59,1
1235,xianxl,0,0,0,0,0,Caffe2,5,0
1236,wickedfoo,0,0,0,5,40,Caffe2,3,6
1237,jspisak,0,0,1,10,3,Caffe2,3,3
1238,csummersea,0,0,0,0,0,Caffe2,3,5
1239,jamesr66a,1,8,32,47,37,Caffe2,58,5
1240,mraway,0,0,0,5,0,Caffe2,3,6
1241,hgaiser,1,24,1,25,25,Caffe2,3,7
1242,williford,1,3,0,33,11,Caffe2,3,7
1243,jmp84,0,0,0,11,3,Caffe2,3,7
1244,dzyong,0,0,2,2,0,Caffe2,3,4
1245,andrewjcg,0,2,0,4,4,Caffe2,2,7
1246,wat3rBro,0,0,0,4,0,Caffe2,5,3
1247,aazzolini,0,0,0,2,0,Caffe2,52,0
1248,mrharicot,0,0,0,5,47,Caffe2,2,5
1249,agrawaldevesh,0,0,1,0,1,Caffe2,2,2
1250,fricc33,0,0,0,0,0,Caffe2,2,1
1251,HengCV,0,0,0,0,3,Caffe2,2,6
1252,ir413,4,0,32,4,75,Caffe2,2,4
1253,sf-wind,0,0,0,21,6,Caffe2,51,5
1254,longjon,0,0,0,10,207,Caffe2,2,7
1255,MatthewInkawhich,0,0,0,5,0,Caffe2,2,2
1256,matzeox,0,0,0,6,0,Caffe2,2,5
1257,yfeldblum,0,13,2,8,29,Caffe2,5,9
1258,inkawhich,0,0,0,6,0,Caffe2,2,0
1259,xianjiec,0,0,1,4,13,Caffe2,46,6
1260,rathir,0,0,0,0,0,Caffe2,2,2
1261,rishirajsinghjhelumi,0,0,8,36,19,Caffe2,2,6
1262,shenxiul,0,0,0,5,9,Caffe2,2,4
1263,soumith,4,48,402,140,5391,Caffe2,2,6
1264,blandinw,2,4,3,26,93,Caffe2,2,8
1265,Maratyszcza,2,3,1,29,331,Caffe2,45,7
1266,mlappelbaum,0,0,0,4,0,Caffe2,2,3
1267,MisterTea,1,0,1,68,111,Caffe2,2,8
1268,rbgirshick,0,0,0,14,3632,Caffe2,5,7
1269,aaronmarkham,0,3,3,10,13,Caffe2,1,5
1270,supertetelman,0,0,4,25,4,Caffe2,1,7
1271,ajinkyakolhe112,2,3,21,21,27,Caffe2,1,5
1272,abjurato,0,6,1,16,2,Caffe2,1,3
1273,orionr,0,0,4,23,12,Caffe2,44,9
1274,csarron,1,17,51,24,59,Caffe2,1,4
1275,ashwinb,0,5,0,3,11,Caffe2,1,10
1276,cbalint13,0,0,3,15,27,Caffe2,1,5
1277,brettkoonce,0,1,12,40,8,Caffe2,1,3
1278,bwasti,1,5,1,23,65,Caffe2,191,5
1279,anshulverma,1,0,17,76,49,Caffe2,4,6
1280,kennyhorror,1,0,3,4,5,Caffe2,41,7
1281,CSLJXing,0,0,9,8,6,Caffe2,1,5
1282,chalisegrogan,0,7,17,4,11,Caffe2,1,6
1283,thinkski,0,7,19,46,7,Caffe2,1,6
1284,jhcross,0,0,0,3,7,Caffe2,40,3
1285,danqing,0,6,1,18,70,Caffe2,1,5
1286,eddiesmo,0,3,3,4,4,Caffe2,1,2
1287,econti,0,0,11,9,34,Caffe2,1,6
1288,pjh5,0,0,0,13,1,Caffe2,38,4
1289,eugene-kharitonov,0,0,2,6,0,Caffe2,1,2
1290,avaneyev,0,0,0,4,0,Caffe2,4,5
1291,facebook-github-bot,0,0,0,0,691,Caffe2,1,4
1292,girifb,0,0,0,1,0,Caffe2,1,0
1293,gfursin,1,0,6,14,25,Caffe2,1,4
1294,HBadertscher,1,1,16,19,15,Caffe2,1,6
1295,herry13,0,39,4,21,10,Caffe2,1,8
1296,jerryzh168,0,0,40,10,19,Caffe2,37,5
1297,hskang9,1,13,82,145,32,Caffe2,1,3
1298,jpowie01,0,0,9,16,12,Caffe2,1,4
1299,JammyZhou,0,1,0,21,0,Caffe2,1,4
1300,jasjuang,0,0,0,31,8,Caffe2,1,3
1301,igorsugak,0,0,0,7,1,Caffe2,4,4
1302,jay-mahadeokar,1,1,5,13,64,Caffe2,1,8
1303,ilia-cher,0,0,0,1,1,Caffe2,36,1
1304,jeffdunn,0,0,0,0,0,Caffe2,1,3
1305,thinxer,1,15,59,30,127,Caffe2,1,9
1306,junluan,0,0,10,9,15,Caffe2,1,5
1307,KaimingHe,0,0,0,2,3376,Caffe2,1,3
1308,leonmasopust,0,0,0,2,1,Caffe2,1,2
1309,mboyd1017,0,0,0,3,5,Caffe2,1,8
1310,malekdoghman,0,0,0,2,0,Caffe2,1,3
1311,mnaumovfb,0,0,0,0,0,Caffe2,1,0
1312,JoelMarcey,0,43,10,34,67,Caffe2,4,5
1313,mayankrana,0,0,7,4,9,Caffe2,1,6
1314,hlu1,0,0,0,9,0,Caffe2,33,3
1315,russoue,0,0,0,1,3,Caffe2,1,4
1316,nayoo,0,0,0,1,1,Caffe2,1,4
1317,nicodjimenez,2,2,22,18,144,Caffe2,1,6
1318,nicolasvasilache,1,2,6,20,138,Caffe2,1,4
1319,nlaptev,0,0,2,8,17,Caffe2,1,4
1320,pengbo-learn,0,0,3,6,0,Caffe2,1,1
1321,philippv,0,0,0,0,14,Caffe2,1,6
1322,wqfish,0,0,7,11,7,Caffe2,1,7
1323,soumith,4,48,402,140,5391,Pytorch,1047,6
1324,apaszke,2,14,11,51,963,Pytorch,800,5
1325,ebetica,0,7,8,45,45,Pytorch,11,5
1326,salexspb,0,0,0,3,6,Pytorch,76,2
1327,SeanNaren,0,2,38,7,132,Pytorch,4,4
1328,avmgithub,0,0,0,12,2,Pytorch,4,4
1329,lazypanda1,0,0,0,4,0,Pytorch,4,0
1330,lynic,0,0,1,22,6,Pytorch,4,5
1331,rguthrie3,0,3,7,12,139,Pytorch,4,4
1332,vfdev-5,0,29,38,124,21,Pytorch,4,6
1333,brettkoonce,0,1,12,40,8,Pytorch,4,3
1334,rachtsingh,0,19,4,30,20,Pytorch,4,6
1335,eLvErDe,1,0,7,64,26,Pytorch,3,6
1336,SsnL,0,3,13,38,52,Pytorch,159,5
1337,kittipatv,1,0,0,6,3,Pytorch,70,4
1338,aam-at,0,1,7,13,55,Pytorch,3,8
1339,allenye0119,0,19,32,8,23,Pytorch,3,3
1340,yayitsamyzhang,0,0,0,6,0,Pytorch,3,4
1341,andrewjcg,0,2,0,4,4,Pytorch,3,7
1342,aron-bordin,5,20,4,38,363,Pytorch,3,5
1343,cliffwoolley,0,0,0,2,13,Pytorch,3,4
1344,danzimm,1,12,20,59,96,Pytorch,3,9
1345,dbermond,0,0,0,6,0,Pytorch,3,3
1346,koraykv,1,0,4,22,294,Pytorch,69,7
1347,neerajprad,0,4,1,10,17,Pytorch,11,6
1348,nitsky,0,1,2,13,21,Pytorch,3,8
1349,hoangmit,0,0,0,2,2,Pytorch,3,6
1350,elistevens,1,3,5,17,11,Pytorch,3,9
1351,leemgs,0,0,4,49,8,Pytorch,3,9
1352,kohr-h,1,2,6,25,8,Pytorch,3,5
1353,howard0su,0,0,1,66,13,Pytorch,3,7
1354,asaadaldien,0,0,1,10,3,Pytorch,68,7
1355,IoannisAntonoglou,0,0,0,10,16,Pytorch,3,6
1356,isacarnekvist,0,0,0,38,3,Pytorch,3,5
1357,Jiaming-Liu,0,1,1,16,21,Pytorch,3,3
1358,GeorgOstrovski,0,0,0,17,18,Pytorch,11,4
1359,malmaud,0,5,4,70,91,Pytorch,3,7
1360,supakjk,0,0,3,5,1,Pytorch,3,4
1361,y0ast,0,2,19,16,188,Pytorch,3,8
1362,jspisak,0,0,1,10,3,Pytorch,3,3
1363,yangky11,0,2,35,17,27,Pytorch,3,5
1364,ajtulloch,0,190,80,102,773,Pytorch,68,7
1365,kylefernandes,0,0,0,0,0,Pytorch,3,2
1366,lucasb-eyer,3,9,19,70,117,Pytorch,3,6
1367,lukealonso,1,1,0,14,14,Pytorch,3,8
1368,MlWoo,0,1,11,20,7,Pytorch,3,2
1369,jeffdonahue,1,17,1,14,315,Pytorch,10,7
1370,mys007,0,0,0,22,14,Pytorch,3,5
1371,keskarnitish,0,4,14,26,30,Pytorch,3,5
1372,albanie,0,6,23,84,131,Pytorch,3,5
1373,peterjc123,0,3,3,15,135,Pytorch,68,4
1374,csummersea,0,0,0,0,0,Pytorch,3,5
1375,varunagrawal,1,23,44,113,47,Pytorch,3,7
1376,mraway,0,0,0,5,0,Pytorch,3,6
1377,andreh7,0,6,0,36,1,Pytorch,3,6
1378,bottler,0,0,2,13,8,Pytorch,3,7
1379,goldsborough,0,146,159,71,395,Pytorch,66,4
1380,kmatzen,0,7,1,3,44,Pytorch,10,9
1381,liboyue,0,0,2,7,5,Pytorch,3,5
1382,samehkhamis,1,0,9,48,29,Pytorch,3,7
1383,brunoalr,0,0,5,5,2,Pytorch,3,6
1384,caogang,0,0,0,12,32,Pytorch,3,6
1385,dzyong,0,0,2,2,0,Pytorch,3,4
1386,anibali,0,6,6,79,21,Pytorch,2,8
1387,aromnvidia,0,0,0,2,0,Pytorch,2,1
1388,amartya18x,0,4,10,32,16,Pytorch,2,4
1389,ngimel,0,1,0,15,50,Pytorch,60,3
1390,Amir-Arsalan,0,0,151,4,28,Pytorch,2,5
1391,0mp,1,4,80,75,40,Pytorch,10,4
1392,Magic-Bubble,1,0,0,13,46,Pytorch,2,3
1393,calvinleenyc,0,0,1,7,6,Pytorch,2,4
1394,tunz,3,0,57,9,231,Pytorch,2,4
1395,mrharicot,0,0,0,5,47,Pytorch,2,5
1396,darrengarvey,1,1,35,54,37,Pytorch,2,8
1397,gchanan,0,11,0,19,67,Pytorch,560,5
1398,VirrageS,0,2,1,15,15,Pytorch,59,5
1399,davidmascharka,0,0,2,4,27,Pytorch,2,5
1400,dhpollack,0,22,12,36,18,Pytorch,2,8
1401,davidsaxton,0,0,0,8,2,Pytorch,2,3
1402,chsasank,0,4,5,42,93,Pytorch,10,4
1403,agrawaldevesh,0,0,1,0,1,Pytorch,2,2
1404,dirkweissenborn,1,0,0,22,35,Pytorch,2,6
1405,edouardelasalles,0,0,5,5,4,Pytorch,2,3
1406,ejoebstl,2,1,20,31,37,Pytorch,2,6
1407,eklitzke,2,177,98,244,318,Pytorch,2,10
1408,harouwu,0,0,13,29,11,Pytorch,59,5
1409,fricc33,0,0,0,0,0,Pytorch,2,1
1410,guillaumekln,2,0,3,26,36,Pytorch,2,5
1411,gokceneraslan,1,12,50,97,178,Pytorch,2,7
1412,HengCV,0,0,0,0,3,Pytorch,2,6
1413,tomdz,0,5,30,58,64,Pytorch,10,9
1414,ir413,4,0,32,4,75,Pytorch,2,4
1415,IraKorshunova,0,0,22,16,74,Pytorch,2,5
1416,MisterTea,1,0,1,68,111,Pytorch,2,8
1417,JoelMarcey,0,43,10,34,67,Pytorch,2,5
1418,andreaskoepf,1,14,94,14,68,Pytorch,57,4
1419,jgehring,1,8,16,28,86,Pytorch,2,9
1420,jjh42,1,9,8,61,58,Pytorch,2,8
1421,longjon,0,0,0,10,207,Pytorch,2,7
1422,jmp84,0,0,0,11,3,Pytorch,2,7
1423,nzw0301,1,46,46,27,58,Pytorch,2,4
1424,andresy,1,1,0,22,332,Pytorch,140,8
1425,kevinzakka,0,1,34,26,188,Pytorch,2,3
1426,Kongsea,0,3,9,57,12,Pytorch,2,5
1427,dominikgrewe,1,0,0,7,101,Pytorch,56,6
1428,DeNeutoy,0,1,3,24,63,Pytorch,2,3
1429,mdraw,4,2,12,27,7,Pytorch,2,4
1430,matzeox,0,0,0,6,0,Pytorch,2,5
1431,bermanmaxim,0,8,7,50,16,Pytorch,2,5
1432,kmike,10,65,0,143,717,Pytorch,2,9
1433,Naman-ntc,0,0,24,10,6,Pytorch,2,2
1434,nhynes,0,5,4,53,33,Pytorch,2,6
1435,bwasti,1,5,1,23,65,Pytorch,193,5
1436,CDLuminate,3,0,90,11,72,Pytorch,10,5
1437,fmassa,1,4,4,23,250,Pytorch,56,4
1438,nicolasvasilache,1,2,6,20,138,Pytorch,2,4
1439,ofirpress,0,0,1,11,9,Pytorch,2,2
1440,BestSonny,0,1,19,44,73,Pytorch,2,5
1441,paulineluc,0,0,2,4,7,Pytorch,2,2
1442,PraveerSINGH,0,1,24,12,6,Pytorch,2,3
1443,quanvuong,0,4,0,32,3,Pytorch,2,4
1444,rathir,0,0,0,0,0,Pytorch,2,2
1445,rishirajsinghjhelumi,0,0,8,36,19,Pytorch,2,6
1446,ArEsKay3,0,0,0,4,1,Pytorch,2,4
1447,chenyuntc,0,8,5,38,533,Pytorch,10,4
1448,albanD,2,4,7,34,54,Pytorch,54,4
1449,stsievert,4,20,30,113,82,Pytorch,2,6
1450,smessmer,1,0,0,31,9,Pytorch,2,6
1451,sergomezcol,0,0,5,8,31,Pytorch,2,5
1452,shagunsodhani,3,69,38,131,444,Pytorch,2,6
1453,shenxiul,0,0,0,5,9,Pytorch,2,4
1454,lospooky,0,1,12,14,2,Pytorch,2,4
1455,Swetko,0,0,0,2,0,Pytorch,2,3
1456,taehoonlee,2,0,73,23,142,Pytorch,2,5
1457,tejaskhot,0,8,8,41,18,Pytorch,2,4
1458,bunelr,1,15,26,21,27,Pytorch,9,5
1459,aazzolini,0,0,0,2,0,Pytorch,52,0
1460,blandinw,2,4,3,26,93,Pytorch,2,8
1461,zkolter,0,0,0,1,11,Pytorch,2,6
1462,andrewgiessel,2,55,38,26,39,Pytorch,2,7
1463,KaiyuYue,0,0,12,3,0,Pytorch,2,2
1464,bdfhjk,0,0,1,21,6,Pytorch,2,6
1465,Maratyszcza,2,3,1,29,331,Pytorch,51,7
1466,diz-vara,0,0,0,79,14,Pytorch,2,4
1467,greaber,0,0,7,16,0,Pytorch,2,4
1468,j-wilson,0,0,20,2,21,Pytorch,2,5
1469,tkoeppe,0,0,0,11,28,Pytorch,9,4
1470,jcatana,0,0,0,3,0,Pytorch,2,4
1471,jia-kai,1,4,3,26,81,Pytorch,2,6
1472,mlappelbaum,0,0,0,4,0,Pytorch,2,3
1473,nkoumchatzky,0,0,4,4,9,Pytorch,2,4
1474,stooloveu,1,0,0,7,2,Pytorch,2,3
1475,theweiho,0,0,0,2,13,Pytorch,2,4
1476,sjeaugey,1,0,0,5,9,Pytorch,50,3
1477,ironmaniiith,2,9,17,26,71,Pytorch,1,4
1478,aaronmarkham,0,3,3,10,13,Pytorch,1,5
1479,ajschumacher,1,20,416,240,280,Pytorch,1,7
1480,elikosan,0,0,0,33,3,Pytorch,8,2
1481,abhiskk,0,9,13,11,44,Pytorch,1,5
1482,AceCoooool,0,0,234,19,29,Pytorch,1,2
1483,achalddave,1,24,20,92,44,Pytorch,1,7
1484,ajfisch,0,1,0,4,38,Pytorch,1,3
1485,mccajm,0,0,16,11,3,Pytorch,1,5
1486,kosklain,0,0,0,12,14,Pytorch,1,7
1487,orionr,0,0,4,23,12,Pytorch,49,9
1488,adi,0,0,4,39,12,Pytorch,1,3
1489,ajinkyakolhe112,2,3,21,21,27,Pytorch,1,5
1490,alexholdenmiller,2,0,0,10,376,Pytorch,1,7
1491,ffjiang,0,0,5,10,9,Pytorch,8,5
1492,AlexanderRadionov,0,0,0,1,0,Pytorch,1,2
1493,alexis-jacq,2,1,23,53,74,Pytorch,1,4
1494,alschua,0,0,0,0,0,Pytorch,1,3
1495,anastasiuspernat,0,0,1,10,2,Pytorch,1,6
1496,abjurato,0,6,1,16,2,Pytorch,1,3
1497,mrdrozdov,0,115,27,23,57,Pytorch,1,6
1498,colesbury,2,29,0,64,433,Pytorch,554,7
1499,sf-wind,0,0,0,21,6,Pytorch,49,5
1500,amrobbins,0,0,0,1,0,Pytorch,1,2
1501,andriigrynenko,0,0,2,1,10,Pytorch,1,4
1502,zou3519,1,20,5,30,20,Pytorch,134,5
1503,asoltysik,0,9,1,12,3,Pytorch,1,2
1504,ankitkv,2,1,6,16,45,Pytorch,1,5
1505,ar-nowaczynski,0,0,0,2,0,Pytorch,1,2
1506,csarron,1,17,51,24,59,Pytorch,1,4
1507,acburigo,0,0,5,8,12,Pytorch,1,2
1508,ashwinb,0,5,0,3,11,Pytorch,1,10
1509,xianjiec,0,0,1,4,13,Pytorch,48,6
1510,atabakd,0,2,3,27,8,Pytorch,1,5
1511,atulkum,0,1,0,30,10,Pytorch,1,8
1512,iamaziz,0,18,41,39,53,Pytorch,1,5
1513,meyering,0,0,0,3,36,Pytorch,8,7
1514,cbalint13,0,0,3,15,27,Pytorch,1,5
1515,bartolsthoorn,0,45,26,23,26,Pytorch,1,9
1516,bartvm,2,40,0,50,107,Pytorch,1,6
1517,bstriner,0,5,1,54,144,Pytorch,1,3
1518,btgraham,0,0,1,6,125,Pytorch,1,3
1519,BenFielding,0,0,14,3,4,Pytorch,1,6
1520,lantiga,3,12,117,43,144,Pytorch,47,8
1521,Jokeren,1,2,18,36,40,Pytorch,47,6
1522,adamlerer,0,0,2,25,49,Pytorch,44,5
1523,pjh5,0,0,0,13,1,Pytorch,44,4
1524,jonmorton,0,0,1,6,3,Pytorch,8,2
1525,kennyhorror,1,0,3,4,5,Pytorch,43,7
1526,csarofeen,0,4,3,17,16,Pytorch,42,2
1527,nicholas-leonard,4,0,288,67,653,Pytorch,42,5
1528,alykhantejani,1,3,17,26,111,Pytorch,41,7
1529,ezyang,3,36,2,141,676,Pytorch,453,10
1530,yf225,0,55,5,22,20,Pytorch,41,5
1531,jhcross,0,0,0,3,7,Pytorch,40,3
1532,andrewwdye,0,0,0,3,4,Pytorch,39,5
1533,jerryzh168,0,0,40,10,19,Pytorch,38,5
1534,szagoruyko,1,38,22,79,796,Pytorch,35,5
1535,Stonesjtu,0,2,19,28,13,Pytorch,8,5
1536,ilia-cher,0,0,0,1,1,Pytorch,34,1
1537,hlu1,0,0,0,9,0,Pytorch,33,3
1538,borisfom,0,0,4,23,25,Pytorch,32,3
1539,yinghai,0,0,2,14,5,Pytorch,30,7
1540,anderspapitto,2,9,5,32,24,Pytorch,30,6
1541,zdevito,0,3,0,17,146,Pytorch,331,8
1542,fritzo,4,3,23,38,88,Pytorch,29,7
1543,wesolwsk,0,0,0,0,2,Pytorch,28,4
1544,viswanathgs,1,7,71,29,165,Pytorch,27,9
1545,chocjy,0,0,0,9,8,Pytorch,27,6
1546,ailzhang,0,1,6,10,10,Pytorch,12,5
1547,idning,0,4,46,65,286,Pytorch,8,6
1548,pavanky,3,46,40,47,85,Pytorch,27,8
1549,enosair,0,1,10,4,9,Pytorch,27,5
1550,benzyx,0,0,7,10,7,Pytorch,26,5
1551,jucor,0,4,2,54,39,Pytorch,26,7
1552,akfidjeland,0,0,1,28,42,Pytorch,25,7
1553,urikz,0,0,2,11,16,Pytorch,24,6
1554,martinraison,1,3,1,22,52,Pytorch,24,6
1555,BIT-silence,0,0,34,12,21,Pytorch,24,5
1556,vishwakftw,0,0,7,7,23,Pytorch,23,2
1557,BTNC,0,0,8,18,5,Pytorch,22,3
1558,zem7,0,0,0,1,0,Pytorch,8,1
1559,nluehr,0,0,0,5,10,Pytorch,21,6
1560,li-roy,0,0,0,3,1,Pytorch,21,4
1561,hughperkins,2,82,6,188,525,Pytorch,20,9
1562,pietern,1,79,4,35,407,Pytorch,218,10
1563,boryiingsu,0,0,0,2,0,Pytorch,19,4
1564,volkhin,1,1,38,22,67,Pytorch,18,9
1565,jytug,0,1,0,18,4,Pytorch,18,4
1566,leonbottou,0,0,0,1,45,Pytorch,18,7
1567,bamos,5,11,48,36,1270,Pytorch,18,7
1568,timharley,0,0,0,15,11,Pytorch,17,5
1569,t-vi,0,8,0,10,24,Pytorch,8,2
1570,Kaixhin,4,15,244,31,403,Pytorch,17,7
1571,teng-li,0,0,2,3,3,Pytorch,17,4
1572,killeent,0,39,14,29,58,Pytorch,204,5
1573,prigoyal,1,1,25,9,131,Pytorch,16,3
1574,jspark1105,0,0,0,14,23,Pytorch,16,5
1575,wickedfoo,0,0,0,5,40,Pytorch,15,6
1576,heslami,0,0,0,4,0,Pytorch,14,3
1577,sdmonov,0,0,1,6,3,Pytorch,14,3
1578,romain-intel,0,0,0,5,3,Pytorch,13,6
1579,wutao27,0,0,1,11,4,Pytorch,13,6
1580,ezineo,0,0,6,22,3,Pytorch,8,4
1581,kuttas,0,0,0,2,1,Pytorch,13,7
1582,pooyadavoodi,0,1,3,15,5,Pytorch,13,4
1583,lukeyeager,0,11,111,49,249,Pytorch,104,7
1584,dpacgopinath,0,0,5,5,9,Pytorch,7,6
1585,gsethi523,2,0,0,1,12,Pytorch,7,4
1586,willyd,0,4,6,80,68,Pytorch,7,7
1587,fidlej,0,3,2,53,51,Pytorch,7,9
1588,jonathantompson,0,4,28,39,143,Pytorch,7,6
1589,alicanb,0,3,5,16,6,Pytorch,12,7
1590,elanmart,0,0,0,30,20,Pytorch,7,3
1591,lanpa,0,11,15,24,74,Pytorch,7,6
1592,bddppq,3,3,0,25,41,Pytorch,100,4
1593,vedanuj,0,0,1,9,5,Pytorch,7,3
1594,kmul00,0,1,3,7,16,Pytorch,7,4
1595,zakattacktwitter,0,1,1,15,15,Pytorch,7,5
1596,Atcold,0,8,4,44,345,Pytorch,6,6
1597,dutran,0,0,0,1,78,Pytorch,6,6
1598,JohnRambo,0,1,0,10,0,Pytorch,6,7
1599,Erotemic,0,33,0,72,40,Pytorch,6,5
1600,cpuhrsch,0,0,0,2,8,Pytorch,12,6
1601,kevinwilfong,0,0,0,5,1,Pytorch,6,5
1602,slayton58,0,0,0,6,11,Pytorch,96,5
1603,vlasenkov,0,6,0,9,11,Pytorch,6,3
1604,kingohm,0,0,0,0,0,Pytorch,6,3
1605,yfeldblum,0,13,2,8,29,Pytorch,6,9
1606,yongjik,0,0,0,3,5,Pytorch,6,1
1607,jekbradbury,1,0,0,21,140,Pytorch,6,3
1608,ruotianluo,0,3,209,51,591,Pytorch,6,3
1609,haychris,0,0,2,27,9,Pytorch,5,5
1610,dzhulgakov,3,0,0,7,83,Pytorch,94,2
1611,yunjey,0,7,18,32,1130,Pytorch,12,3
1612,deltheil,1,47,39,32,106,Pytorch,5,8
1613,davinwang,0,0,0,7,4,Pytorch,5,5
1614,ygdx,0,0,0,4,0,Pytorch,5,3
1615,DmitryUlyanov,0,11,9,46,573,Pytorch,5,4
1616,fehiepsi,0,14,6,47,12,Pytorch,5,5
1617,edgarriba,3,7,14,60,104,Pytorch,5,5
1618,sighingnow,2,26,407,78,81,Pytorch,5,4
1619,hycis,0,0,4,44,67,Pytorch,5,5
1620,jamesr66a,1,8,32,47,37,Pytorch,91,5
1621,freedomtan,0,4,5,39,21,Pytorch,5,5
1622,d11,0,0,13,23,24,Pytorch,12,10
1623,manojkris,0,0,0,1,0,Pytorch,5,0
1624,xianxl,0,0,0,0,0,Pytorch,5,0
1625,zuoxingdong,0,0,0,12,48,Pytorch,5,2
1626,Wakeupbuddy,0,1,78,24,18,Pytorch,5,6
1627,wat3rBro,0,0,0,4,0,Pytorch,5,3
1628,Teaonly,0,11,112,16,356,Pytorch,5,6
1629,onnxbot,0,0,0,1,2,Pytorch,88,1
1630,ronrest,0,6,20,59,38,Pytorch,5,3
1631,goelhardik,0,1,1,12,16,Pytorch,5,3
1632,ozancaglayan,1,16,101,35,149,Pytorch,5,8
1633,jackielxu,0,0,10,21,8,Pytorch,11,4
1634,stegben,0,7,25,104,37,Pytorch,5,4
1635,ethanluoyc,0,1,102,78,44,Pytorch,5,5
1636,ajabri,0,0,3,12,79,Pytorch,4,6
1637,huihuifan,0,1,2,15,7,Pytorch,4,6
1638,anshulverma,1,0,17,76,49,Pytorch,4,6
1639,aosokin,2,0,4,23,72,Pytorch,4,6
1640,Yangqing,8,4,12,42,3378,Pytorch,563,7
1641,houseroad,2,1,15,12,19,Pytorch,85,1
1642,avaneyev,0,0,0,4,0,Pytorch,4,5
1643,arnaudchauveur,0,1,1,3,6,Pytorch,4,6
1644,glogowski-wojciech,0,1,0,4,0,Pytorch,11,4
1645,kashif,1,28,53,126,172,Pytorch,4,10
1646,fbesse,0,0,0,8,7,Pytorch,4,5
1647,hgaiser,1,24,1,25,25,Pytorch,4,7
1648,igorsugak,0,0,0,7,1,Pytorch,4,4
1649,jfsantos,2,34,56,179,161,Pytorch,4,10
1650,clementfarabet,1,2,18,83,569,Pytorch,78,8
1651,rayleichen,0,0,0,1,0,Pytorch,4,3
1652,donglixp,0,6,84,4,69,Pytorch,4,7
1653,pestevez,0,0,0,2,2,Pytorch,4,2
1654,rbgirshick,0,0,0,14,3632,Pytorch,4,7
